SET session_replication_role = replica;

--
-- PostgreSQL database dump
--

-- Dumped from database version 15.8
-- Dumped by pg_dump version 15.8

SET statement_timeout = 0;
SET lock_timeout = 0;
SET idle_in_transaction_session_timeout = 0;
SET client_encoding = 'UTF8';
SET standard_conforming_strings = on;
SELECT pg_catalog.set_config('search_path', '', false);
SET check_function_bodies = false;
SET xmloption = content;
SET client_min_messages = warning;
SET row_security = off;

--
-- Data for Name: audit_log_entries; Type: TABLE DATA; Schema: auth; Owner: supabase_auth_admin
--

INSERT INTO "auth"."audit_log_entries" ("instance_id", "id", "payload", "created_at", "ip_address") VALUES
	('00000000-0000-0000-0000-000000000000', '6ebbd06c-1444-4a21-94dc-e01a4c0bb8cf', '{"action":"user_signedup","actor_id":"00000000-0000-0000-0000-000000000000","actor_username":"service_role","actor_via_sso":false,"log_type":"team","traits":{"user_email":"butaeff@gmail.com","user_id":"80d51b9e-b05d-4702-ab74-6ec478533c8f","user_phone":""}}', '2025-06-14 10:51:16.659401+00', ''),
	('00000000-0000-0000-0000-000000000000', 'f41b02c5-434d-4aba-a44a-db09f3eadbbc', '{"action":"login","actor_id":"80d51b9e-b05d-4702-ab74-6ec478533c8f","actor_username":"butaeff@gmail.com","actor_via_sso":false,"log_type":"account","traits":{"provider":"email"}}', '2025-06-14 10:51:17.137411+00', ''),
	('00000000-0000-0000-0000-000000000000', '33922735-e667-48fd-b135-a1475ff8727f', '{"action":"login","actor_id":"80d51b9e-b05d-4702-ab74-6ec478533c8f","actor_username":"butaeff@gmail.com","actor_via_sso":false,"log_type":"account","traits":{"provider":"email"}}', '2025-06-14 10:54:33.837124+00', ''),
	('00000000-0000-0000-0000-000000000000', '8a9fc18b-e5e6-4630-8f7b-e3189710c20e', '{"action":"login","actor_id":"80d51b9e-b05d-4702-ab74-6ec478533c8f","actor_username":"butaeff@gmail.com","actor_via_sso":false,"log_type":"account","traits":{"provider":"email"}}', '2025-06-14 11:03:39.578901+00', ''),
	('00000000-0000-0000-0000-000000000000', '58f5ba1a-b85f-4b89-aab7-afd55186af5d', '{"action":"login","actor_id":"80d51b9e-b05d-4702-ab74-6ec478533c8f","actor_username":"butaeff@gmail.com","actor_via_sso":false,"log_type":"account","traits":{"provider":"email"}}', '2025-06-14 11:04:23.640132+00', ''),
	('00000000-0000-0000-0000-000000000000', 'a422d375-4e92-4202-b44d-b1a6d4b076ba', '{"action":"login","actor_id":"80d51b9e-b05d-4702-ab74-6ec478533c8f","actor_username":"butaeff@gmail.com","actor_via_sso":false,"log_type":"account","traits":{"provider":"email"}}', '2025-06-14 11:04:23.964473+00', ''),
	('00000000-0000-0000-0000-000000000000', '0bf40319-6618-48f0-9364-eaa6cdcb4173', '{"action":"token_refreshed","actor_id":"80d51b9e-b05d-4702-ab74-6ec478533c8f","actor_username":"butaeff@gmail.com","actor_via_sso":false,"log_type":"token"}', '2025-06-15 12:16:57.821085+00', ''),
	('00000000-0000-0000-0000-000000000000', 'e25e170b-1c03-4c78-b8f1-6b082706c2da', '{"action":"token_revoked","actor_id":"80d51b9e-b05d-4702-ab74-6ec478533c8f","actor_username":"butaeff@gmail.com","actor_via_sso":false,"log_type":"token"}', '2025-06-15 12:16:57.834408+00', ''),
	('00000000-0000-0000-0000-000000000000', 'a43d0960-2db4-40f3-996f-cf51a5c12557', '{"action":"token_refreshed","actor_id":"80d51b9e-b05d-4702-ab74-6ec478533c8f","actor_username":"butaeff@gmail.com","actor_via_sso":false,"log_type":"token"}', '2025-06-15 12:17:01.703442+00', ''),
	('00000000-0000-0000-0000-000000000000', 'f5888631-668c-4cd1-b840-8edb573d7fc1', '{"action":"token_refreshed","actor_id":"80d51b9e-b05d-4702-ab74-6ec478533c8f","actor_username":"butaeff@gmail.com","actor_via_sso":false,"log_type":"token"}', '2025-06-17 02:35:09.831964+00', ''),
	('00000000-0000-0000-0000-000000000000', 'cc5838c6-d1b5-4079-80f0-4fdc92efe007', '{"action":"token_revoked","actor_id":"80d51b9e-b05d-4702-ab74-6ec478533c8f","actor_username":"butaeff@gmail.com","actor_via_sso":false,"log_type":"token"}', '2025-06-17 02:35:09.849479+00', ''),
	('00000000-0000-0000-0000-000000000000', 'a11c0456-e3b0-4c7e-a6e5-19df0829eff0', '{"action":"token_refreshed","actor_id":"80d51b9e-b05d-4702-ab74-6ec478533c8f","actor_username":"butaeff@gmail.com","actor_via_sso":false,"log_type":"token"}', '2025-06-17 02:35:12.201968+00', ''),
	('00000000-0000-0000-0000-000000000000', '65174f84-710c-43e0-9728-172458cf66e9', '{"action":"user_signedup","actor_id":"00000000-0000-0000-0000-000000000000","actor_username":"service_role","actor_via_sso":false,"log_type":"team","traits":{"user_email":"mao@gmail.com","user_id":"7a470988-c9c5-42d0-9e4b-1f6ba5500e19","user_phone":""}}', '2025-06-28 19:13:17.319152+00', ''),
	('00000000-0000-0000-0000-000000000000', '6ef826a9-b2f3-467a-aaa3-d6dde5f847eb', '{"action":"user_signedup","actor_id":"00000000-0000-0000-0000-000000000000","actor_username":"service_role","actor_via_sso":false,"log_type":"team","traits":{"user_email":"test@orangecat.ch","user_id":"e954df8f-6a9b-4cb1-8c3f-8518dc78f846","user_phone":""}}', '2025-06-28 19:14:15.912299+00', ''),
	('00000000-0000-0000-0000-000000000000', '0f19e92d-4b59-4968-9911-57d085329381', '{"action":"login","actor_id":"e954df8f-6a9b-4cb1-8c3f-8518dc78f846","actor_username":"test@orangecat.ch","actor_via_sso":false,"log_type":"account","traits":{"provider":"email"}}', '2025-06-28 19:26:55.691442+00', ''),
	('00000000-0000-0000-0000-000000000000', '0167c30e-3340-4c6e-8feb-5282f9056539', '{"action":"login","actor_id":"e954df8f-6a9b-4cb1-8c3f-8518dc78f846","actor_username":"test@orangecat.ch","actor_via_sso":false,"log_type":"account","traits":{"provider":"email"}}', '2025-06-28 19:30:05.26308+00', ''),
	('00000000-0000-0000-0000-000000000000', 'a06a89d9-933b-4d9a-9e0c-dcf41ac93bcf', '{"action":"login","actor_id":"e954df8f-6a9b-4cb1-8c3f-8518dc78f846","actor_username":"test@orangecat.ch","actor_via_sso":false,"log_type":"account","traits":{"provider":"email"}}', '2025-06-28 19:33:58.896496+00', ''),
	('00000000-0000-0000-0000-000000000000', '19bdfcf4-d24b-4f82-80be-b0e526be1e25', '{"action":"login","actor_id":"e954df8f-6a9b-4cb1-8c3f-8518dc78f846","actor_username":"test@orangecat.ch","actor_via_sso":false,"log_type":"account","traits":{"provider":"email"}}', '2025-06-28 19:37:19.269661+00', ''),
	('00000000-0000-0000-0000-000000000000', 'e0b55421-e73d-4f2b-8852-014094920f7b', '{"action":"login","actor_id":"e954df8f-6a9b-4cb1-8c3f-8518dc78f846","actor_username":"test@orangecat.ch","actor_via_sso":false,"log_type":"account","traits":{"provider":"email"}}', '2025-06-28 20:15:02.504756+00', ''),
	('00000000-0000-0000-0000-000000000000', '7a5aa913-38c9-4d70-a5cd-1a29bf91dab9', '{"action":"user_modified","actor_id":"00000000-0000-0000-0000-000000000000","actor_username":"service_role","actor_via_sso":false,"log_type":"user","traits":{"user_email":"test@orangecat.ch","user_id":"e954df8f-6a9b-4cb1-8c3f-8518dc78f846","user_phone":""}}', '2025-06-28 20:17:40.852743+00', ''),
	('00000000-0000-0000-0000-000000000000', '40cce16f-3f20-486e-9e4d-2b69bbeda21d', '{"action":"login","actor_id":"e954df8f-6a9b-4cb1-8c3f-8518dc78f846","actor_username":"test@orangecat.ch","actor_via_sso":false,"log_type":"account","traits":{"provider":"email"}}', '2025-06-28 20:17:41.03449+00', ''),
	('00000000-0000-0000-0000-000000000000', '5941ab45-155c-4890-9cf9-f218ae2d1700', '{"action":"logout","actor_id":"e954df8f-6a9b-4cb1-8c3f-8518dc78f846","actor_username":"test@orangecat.ch","actor_via_sso":false,"log_type":"account"}', '2025-06-28 20:17:41.139591+00', ''),
	('00000000-0000-0000-0000-000000000000', '9b76a8fd-3529-47b1-92a8-7bce644f13b7', '{"action":"login","actor_id":"e954df8f-6a9b-4cb1-8c3f-8518dc78f846","actor_username":"test@orangecat.ch","actor_via_sso":false,"log_type":"account","traits":{"provider":"email"}}', '2025-06-28 20:18:07.026036+00', ''),
	('00000000-0000-0000-0000-000000000000', 'bedb183b-9d20-4f16-b1e1-0c16aac8dc56', '{"action":"login","actor_id":"e954df8f-6a9b-4cb1-8c3f-8518dc78f846","actor_username":"test@orangecat.ch","actor_via_sso":false,"log_type":"account","traits":{"provider":"email"}}', '2025-06-28 20:19:29.673775+00', ''),
	('00000000-0000-0000-0000-000000000000', '78816fbc-28d1-4acc-bd35-85f104967ae9', '{"action":"token_refreshed","actor_id":"e954df8f-6a9b-4cb1-8c3f-8518dc78f846","actor_username":"test@orangecat.ch","actor_via_sso":false,"log_type":"token"}', '2025-06-28 21:16:24.801088+00', ''),
	('00000000-0000-0000-0000-000000000000', 'a8f3c441-ed48-4c85-a6cf-3099670155db', '{"action":"token_revoked","actor_id":"e954df8f-6a9b-4cb1-8c3f-8518dc78f846","actor_username":"test@orangecat.ch","actor_via_sso":false,"log_type":"token"}', '2025-06-28 21:16:24.801881+00', ''),
	('00000000-0000-0000-0000-000000000000', 'f74ceaa7-7710-4135-8394-2197f85bc371', '{"action":"login","actor_id":"e954df8f-6a9b-4cb1-8c3f-8518dc78f846","actor_username":"test@orangecat.ch","actor_via_sso":false,"log_type":"account","traits":{"provider":"email"}}', '2025-06-28 21:18:11.943911+00', ''),
	('00000000-0000-0000-0000-000000000000', 'fbcd5f83-dbf8-4554-b4e9-b6ed59483335', '{"action":"user_updated_password","actor_id":"e954df8f-6a9b-4cb1-8c3f-8518dc78f846","actor_username":"test@orangecat.ch","actor_via_sso":false,"log_type":"user"}', '2025-06-28 21:20:33.348887+00', ''),
	('00000000-0000-0000-0000-000000000000', '3f394867-9fbb-480e-824d-ed7c08b5c08f', '{"action":"user_modified","actor_id":"e954df8f-6a9b-4cb1-8c3f-8518dc78f846","actor_username":"test@orangecat.ch","actor_via_sso":false,"log_type":"user"}', '2025-06-28 21:20:33.350154+00', ''),
	('00000000-0000-0000-0000-000000000000', '1bee5aa6-bafd-48a6-b338-97a7f9daa358', '{"action":"login","actor_id":"80d51b9e-b05d-4702-ab74-6ec478533c8f","actor_username":"butaeff@gmail.com","actor_via_sso":false,"log_type":"account","traits":{"provider":"email"}}', '2025-06-28 21:37:07.519193+00', ''),
	('00000000-0000-0000-0000-000000000000', 'f8c8a75c-86ff-41ea-a0b5-76952feecda7', '{"action":"logout","actor_id":"80d51b9e-b05d-4702-ab74-6ec478533c8f","actor_username":"butaeff@gmail.com","actor_via_sso":false,"log_type":"account"}', '2025-06-28 21:37:07.618783+00', ''),
	('00000000-0000-0000-0000-000000000000', 'defc45d0-3a2e-404c-ac9d-4d85378fda7b', '{"action":"login","actor_id":"80d51b9e-b05d-4702-ab74-6ec478533c8f","actor_username":"butaeff@gmail.com","actor_via_sso":false,"log_type":"account","traits":{"provider":"email"}}', '2025-06-28 21:37:10.648593+00', ''),
	('00000000-0000-0000-0000-000000000000', 'f18dd93b-c689-4df3-85d1-00fa410594e3', '{"action":"user_modified","actor_id":"00000000-0000-0000-0000-000000000000","actor_username":"service_role","actor_via_sso":false,"log_type":"user","traits":{"user_email":"test@orangecat.ch","user_id":"e954df8f-6a9b-4cb1-8c3f-8518dc78f846","user_phone":""}}', '2025-06-28 21:37:32.03292+00', ''),
	('00000000-0000-0000-0000-000000000000', 'f18fccdf-d7b5-41f3-a24b-96d8bb9284df', '{"action":"login","actor_id":"e954df8f-6a9b-4cb1-8c3f-8518dc78f846","actor_username":"test@orangecat.ch","actor_via_sso":false,"log_type":"account","traits":{"provider":"email"}}', '2025-06-28 21:37:50.411479+00', ''),
	('00000000-0000-0000-0000-000000000000', '91fe47fc-544b-4da7-aaeb-32d77699ff17', '{"action":"logout","actor_id":"e954df8f-6a9b-4cb1-8c3f-8518dc78f846","actor_username":"test@orangecat.ch","actor_via_sso":false,"log_type":"account"}', '2025-06-28 21:37:50.523657+00', ''),
	('00000000-0000-0000-0000-000000000000', '3b94716f-ec5a-4bbd-9a38-388d4ce8c231', '{"action":"login","actor_id":"e954df8f-6a9b-4cb1-8c3f-8518dc78f846","actor_username":"test@orangecat.ch","actor_via_sso":false,"log_type":"account","traits":{"provider":"email"}}', '2025-06-28 22:14:00.312035+00', ''),
	('00000000-0000-0000-0000-000000000000', 'd483a2e6-cb15-4f07-88ed-7de56fd0cbf3', '{"action":"login","actor_id":"e954df8f-6a9b-4cb1-8c3f-8518dc78f846","actor_username":"test@orangecat.ch","actor_via_sso":false,"log_type":"account","traits":{"provider":"email"}}', '2025-06-28 22:38:11.045904+00', ''),
	('00000000-0000-0000-0000-000000000000', '8265f37e-5aad-4d0f-8719-cb1bf2a6807f', '{"action":"token_refreshed","actor_id":"80d51b9e-b05d-4702-ab74-6ec478533c8f","actor_username":"butaeff@gmail.com","actor_via_sso":false,"log_type":"token"}', '2025-06-28 22:38:47.917902+00', ''),
	('00000000-0000-0000-0000-000000000000', '9c62da4d-b2a8-4ef4-a80d-25559ea4de53', '{"action":"token_revoked","actor_id":"80d51b9e-b05d-4702-ab74-6ec478533c8f","actor_username":"butaeff@gmail.com","actor_via_sso":false,"log_type":"token"}', '2025-06-28 22:38:47.918445+00', ''),
	('00000000-0000-0000-0000-000000000000', 'f49046a1-57d4-403f-be36-09252dea5605', '{"action":"token_refreshed","actor_id":"80d51b9e-b05d-4702-ab74-6ec478533c8f","actor_username":"butaeff@gmail.com","actor_via_sso":false,"log_type":"token"}', '2025-06-30 21:14:52.552996+00', ''),
	('00000000-0000-0000-0000-000000000000', '4f49eea6-6d23-4b84-985e-80c2eb05202e', '{"action":"token_revoked","actor_id":"80d51b9e-b05d-4702-ab74-6ec478533c8f","actor_username":"butaeff@gmail.com","actor_via_sso":false,"log_type":"token"}', '2025-06-30 21:14:52.562543+00', ''),
	('00000000-0000-0000-0000-000000000000', 'e31c29f6-e73d-4d4d-a9b8-7fe6c1a55f19', '{"action":"token_refreshed","actor_id":"80d51b9e-b05d-4702-ab74-6ec478533c8f","actor_username":"butaeff@gmail.com","actor_via_sso":false,"log_type":"token"}', '2025-06-30 21:14:57.378991+00', ''),
	('00000000-0000-0000-0000-000000000000', '635bb001-6f22-4814-8a2a-a9047343b53b', '{"action":"token_refreshed","actor_id":"e954df8f-6a9b-4cb1-8c3f-8518dc78f846","actor_username":"test@orangecat.ch","actor_via_sso":false,"log_type":"token"}', '2025-06-30 21:18:21.255933+00', ''),
	('00000000-0000-0000-0000-000000000000', '6908d8c2-befd-4f8d-aea4-75779be9bd22', '{"action":"token_revoked","actor_id":"e954df8f-6a9b-4cb1-8c3f-8518dc78f846","actor_username":"test@orangecat.ch","actor_via_sso":false,"log_type":"token"}', '2025-06-30 21:18:21.257572+00', ''),
	('00000000-0000-0000-0000-000000000000', '8756c137-5add-410e-a3a1-e45dd67e9155', '{"action":"token_refreshed","actor_id":"e954df8f-6a9b-4cb1-8c3f-8518dc78f846","actor_username":"test@orangecat.ch","actor_via_sso":false,"log_type":"token"}', '2025-06-30 21:18:23.737161+00', ''),
	('00000000-0000-0000-0000-000000000000', 'ff65c5a1-d109-48a8-8add-181216556941', '{"action":"login","actor_id":"e954df8f-6a9b-4cb1-8c3f-8518dc78f846","actor_username":"test@orangecat.ch","actor_via_sso":false,"log_type":"account","traits":{"provider":"email"}}', '2025-06-30 21:19:03.069166+00', ''),
	('00000000-0000-0000-0000-000000000000', '4adac772-20b6-4048-a1e9-98b8bee3c00b', '{"action":"login","actor_id":"80d51b9e-b05d-4702-ab74-6ec478533c8f","actor_username":"butaeff@gmail.com","actor_via_sso":false,"log_type":"account","traits":{"provider":"email"}}', '2025-06-30 21:36:50.600998+00', ''),
	('00000000-0000-0000-0000-000000000000', 'c7511592-2286-4825-b045-f954b832d6fc', '{"action":"token_refreshed","actor_id":"e954df8f-6a9b-4cb1-8c3f-8518dc78f846","actor_username":"test@orangecat.ch","actor_via_sso":false,"log_type":"token"}', '2025-06-30 22:17:11.105347+00', ''),
	('00000000-0000-0000-0000-000000000000', 'b7f0be79-0526-4e7a-952f-cb313059bf51', '{"action":"token_revoked","actor_id":"e954df8f-6a9b-4cb1-8c3f-8518dc78f846","actor_username":"test@orangecat.ch","actor_via_sso":false,"log_type":"token"}', '2025-06-30 22:17:11.107223+00', ''),
	('00000000-0000-0000-0000-000000000000', 'e6f6a3e3-b910-4db4-9776-f57e290f7aa8', '{"action":"token_refreshed","actor_id":"80d51b9e-b05d-4702-ab74-6ec478533c8f","actor_username":"butaeff@gmail.com","actor_via_sso":false,"log_type":"token"}', '2025-06-30 23:05:00.628083+00', ''),
	('00000000-0000-0000-0000-000000000000', 'e314037b-d1d3-4506-a819-c8d637eca193', '{"action":"token_revoked","actor_id":"80d51b9e-b05d-4702-ab74-6ec478533c8f","actor_username":"butaeff@gmail.com","actor_via_sso":false,"log_type":"token"}', '2025-06-30 23:05:00.628913+00', ''),
	('00000000-0000-0000-0000-000000000000', '4ab5cc84-81b0-465e-b571-e97965c4547b', '{"action":"token_refreshed","actor_id":"80d51b9e-b05d-4702-ab74-6ec478533c8f","actor_username":"butaeff@gmail.com","actor_via_sso":false,"log_type":"token"}', '2025-06-30 23:05:10.98867+00', ''),
	('00000000-0000-0000-0000-000000000000', 'd6efc3e2-d5f4-49f4-8088-4a9a864052c6', '{"action":"token_refreshed","actor_id":"80d51b9e-b05d-4702-ab74-6ec478533c8f","actor_username":"butaeff@gmail.com","actor_via_sso":false,"log_type":"token"}', '2025-06-30 23:05:15.221588+00', ''),
	('00000000-0000-0000-0000-000000000000', 'b9eb71a5-5224-4f25-9e7a-e179fbbbfe07', '{"action":"token_refreshed","actor_id":"80d51b9e-b05d-4702-ab74-6ec478533c8f","actor_username":"butaeff@gmail.com","actor_via_sso":false,"log_type":"token"}', '2025-07-01 05:42:18.139718+00', ''),
	('00000000-0000-0000-0000-000000000000', '415a2fa8-d4c6-4a81-9077-23f9b5333685', '{"action":"token_revoked","actor_id":"80d51b9e-b05d-4702-ab74-6ec478533c8f","actor_username":"butaeff@gmail.com","actor_via_sso":false,"log_type":"token"}', '2025-07-01 05:42:18.14062+00', ''),
	('00000000-0000-0000-0000-000000000000', 'b409e02d-6364-428b-aca1-b16a0c7068fb', '{"action":"token_refreshed","actor_id":"80d51b9e-b05d-4702-ab74-6ec478533c8f","actor_username":"butaeff@gmail.com","actor_via_sso":false,"log_type":"token"}', '2025-07-01 05:42:21.979164+00', ''),
	('00000000-0000-0000-0000-000000000000', '828dcd6c-bd8a-4571-95ce-8a52776a2e2d', '{"action":"token_refreshed","actor_id":"80d51b9e-b05d-4702-ab74-6ec478533c8f","actor_username":"butaeff@gmail.com","actor_via_sso":false,"log_type":"token"}', '2025-07-01 06:40:23.909846+00', ''),
	('00000000-0000-0000-0000-000000000000', '5d35688a-09e9-474a-ae47-f65122ae7718', '{"action":"token_revoked","actor_id":"80d51b9e-b05d-4702-ab74-6ec478533c8f","actor_username":"butaeff@gmail.com","actor_via_sso":false,"log_type":"token"}', '2025-07-01 06:40:23.913106+00', ''),
	('00000000-0000-0000-0000-000000000000', '21ecacfe-6810-481b-b5b5-e4cd6e7dab86', '{"action":"token_refreshed","actor_id":"80d51b9e-b05d-4702-ab74-6ec478533c8f","actor_username":"butaeff@gmail.com","actor_via_sso":false,"log_type":"token"}', '2025-07-01 17:41:54.519362+00', ''),
	('00000000-0000-0000-0000-000000000000', 'ba2068bc-a4cf-4ea2-89bd-165e48df0b9a', '{"action":"token_revoked","actor_id":"80d51b9e-b05d-4702-ab74-6ec478533c8f","actor_username":"butaeff@gmail.com","actor_via_sso":false,"log_type":"token"}', '2025-07-01 17:41:54.523151+00', ''),
	('00000000-0000-0000-0000-000000000000', 'b9d9a050-6998-4ca1-b570-b80b08e67180', '{"action":"token_refreshed","actor_id":"80d51b9e-b05d-4702-ab74-6ec478533c8f","actor_username":"butaeff@gmail.com","actor_via_sso":false,"log_type":"token"}', '2025-07-01 17:41:58.101548+00', ''),
	('00000000-0000-0000-0000-000000000000', '379b78bf-d951-4564-81eb-db4b6da02bfc', '{"action":"token_refreshed","actor_id":"80d51b9e-b05d-4702-ab74-6ec478533c8f","actor_username":"butaeff@gmail.com","actor_via_sso":false,"log_type":"token"}', '2025-07-02 08:04:33.829364+00', ''),
	('00000000-0000-0000-0000-000000000000', '2a71e8b4-49c7-48d2-a3ac-17aedea5f64f', '{"action":"token_revoked","actor_id":"80d51b9e-b05d-4702-ab74-6ec478533c8f","actor_username":"butaeff@gmail.com","actor_via_sso":false,"log_type":"token"}', '2025-07-02 08:04:33.838776+00', ''),
	('00000000-0000-0000-0000-000000000000', '375e77cc-16ff-4dbc-a665-6d5c224b1b27', '{"action":"token_refreshed","actor_id":"80d51b9e-b05d-4702-ab74-6ec478533c8f","actor_username":"butaeff@gmail.com","actor_via_sso":false,"log_type":"token"}', '2025-07-02 12:38:49.308594+00', ''),
	('00000000-0000-0000-0000-000000000000', 'cefcecad-ece7-421c-a3f0-9df173452389', '{"action":"token_revoked","actor_id":"80d51b9e-b05d-4702-ab74-6ec478533c8f","actor_username":"butaeff@gmail.com","actor_via_sso":false,"log_type":"token"}', '2025-07-02 12:38:49.310153+00', ''),
	('00000000-0000-0000-0000-000000000000', '3242f4e8-489c-4e57-ae41-0f0e2b806a84', '{"action":"token_refreshed","actor_id":"80d51b9e-b05d-4702-ab74-6ec478533c8f","actor_username":"butaeff@gmail.com","actor_via_sso":false,"log_type":"token"}', '2025-07-02 12:38:52.688773+00', ''),
	('00000000-0000-0000-0000-000000000000', 'ff3cddc9-39d3-476f-84fe-45141733e3a5', '{"action":"token_refreshed","actor_id":"80d51b9e-b05d-4702-ab74-6ec478533c8f","actor_username":"butaeff@gmail.com","actor_via_sso":false,"log_type":"token"}', '2025-07-02 23:10:41.103012+00', ''),
	('00000000-0000-0000-0000-000000000000', '4c81f144-6f71-4472-88af-5d2070aee517', '{"action":"token_revoked","actor_id":"80d51b9e-b05d-4702-ab74-6ec478533c8f","actor_username":"butaeff@gmail.com","actor_via_sso":false,"log_type":"token"}', '2025-07-02 23:10:41.10391+00', ''),
	('00000000-0000-0000-0000-000000000000', '530000b9-dade-4430-a2b2-263a07b7b22c', '{"action":"token_refreshed","actor_id":"80d51b9e-b05d-4702-ab74-6ec478533c8f","actor_username":"butaeff@gmail.com","actor_via_sso":false,"log_type":"token"}', '2025-07-02 23:10:45.448867+00', ''),
	('00000000-0000-0000-0000-000000000000', 'cd14d755-af99-44d1-8f7b-13c5474733fd', '{"action":"user_recovery_requested","actor_id":"80d51b9e-b05d-4702-ab74-6ec478533c8f","actor_username":"butaeff@gmail.com","actor_via_sso":false,"log_type":"user"}', '2025-07-02 23:13:10.887607+00', ''),
	('00000000-0000-0000-0000-000000000000', '27c8f274-073c-462a-9be5-af439e5ca42c', '{"action":"login","actor_id":"80d51b9e-b05d-4702-ab74-6ec478533c8f","actor_username":"butaeff@gmail.com","actor_via_sso":false,"log_type":"account"}', '2025-07-02 23:13:35.413369+00', ''),
	('00000000-0000-0000-0000-000000000000', 'f77d9bf2-8cf9-4cd4-917d-8e8fb8b92e9d', '{"action":"user_repeated_signup","actor_id":"80d51b9e-b05d-4702-ab74-6ec478533c8f","actor_username":"butaeff@gmail.com","actor_via_sso":false,"log_type":"user","traits":{"provider":"email"}}', '2025-07-02 23:16:07.549511+00', ''),
	('00000000-0000-0000-0000-000000000000', '993832ce-bff5-4a4e-86d5-9cbb0dd4f982', '{"action":"user_recovery_requested","actor_id":"80d51b9e-b05d-4702-ab74-6ec478533c8f","actor_username":"butaeff@gmail.com","actor_via_sso":false,"log_type":"user"}', '2025-07-02 23:30:04.779008+00', ''),
	('00000000-0000-0000-0000-000000000000', 'aa01ce2f-78d1-4aaf-908c-b1041a25a801', '{"action":"login","actor_id":"80d51b9e-b05d-4702-ab74-6ec478533c8f","actor_username":"butaeff@gmail.com","actor_via_sso":false,"log_type":"account"}', '2025-07-02 23:38:44.994143+00', ''),
	('00000000-0000-0000-0000-000000000000', 'e88351e7-d0bc-4aa1-9b30-69f82ce53ba3', '{"action":"user_recovery_requested","actor_id":"80d51b9e-b05d-4702-ab74-6ec478533c8f","actor_username":"butaeff@gmail.com","actor_via_sso":false,"log_type":"user"}', '2025-07-02 23:40:25.486038+00', ''),
	('00000000-0000-0000-0000-000000000000', '4cb38c01-16da-4d63-a078-f36e73d2d7a4', '{"action":"user_recovery_requested","actor_id":"80d51b9e-b05d-4702-ab74-6ec478533c8f","actor_username":"butaeff@gmail.com","actor_via_sso":false,"log_type":"user"}', '2025-07-02 23:54:22.663874+00', ''),
	('00000000-0000-0000-0000-000000000000', '6803e747-8653-4e0a-aafe-91a750922638', '{"action":"login","actor_id":"80d51b9e-b05d-4702-ab74-6ec478533c8f","actor_username":"butaeff@gmail.com","actor_via_sso":false,"log_type":"account"}', '2025-07-02 23:54:42.341871+00', ''),
	('00000000-0000-0000-0000-000000000000', 'f0a67317-308e-40c5-b16a-16e8201fcaf2', '{"action":"user_modified","actor_id":"00000000-0000-0000-0000-000000000000","actor_username":"service_role","actor_via_sso":false,"log_type":"user","traits":{"user_email":"butaeff@gmail.com","user_id":"80d51b9e-b05d-4702-ab74-6ec478533c8f","user_phone":""}}', '2025-07-03 00:17:29.606042+00', ''),
	('00000000-0000-0000-0000-000000000000', 'e77e32a2-b0ad-473b-aeae-b8bf7938ea29', '{"action":"login","actor_id":"80d51b9e-b05d-4702-ab74-6ec478533c8f","actor_username":"butaeff@gmail.com","actor_via_sso":false,"log_type":"account","traits":{"provider":"email"}}', '2025-07-03 00:18:07.070531+00', ''),
	('00000000-0000-0000-0000-000000000000', '914162f4-1df9-4804-99dd-2e19f2f13836', '{"action":"login","actor_id":"80d51b9e-b05d-4702-ab74-6ec478533c8f","actor_username":"butaeff@gmail.com","actor_via_sso":false,"log_type":"account","traits":{"provider":"email"}}', '2025-07-03 00:22:44.001353+00', ''),
	('00000000-0000-0000-0000-000000000000', 'c8454880-00e9-46d7-9dd6-02205ac7ee97', '{"action":"token_refreshed","actor_id":"80d51b9e-b05d-4702-ab74-6ec478533c8f","actor_username":"butaeff@gmail.com","actor_via_sso":false,"log_type":"token"}', '2025-07-03 19:01:17.349253+00', ''),
	('00000000-0000-0000-0000-000000000000', '8adc356d-1f2f-45cc-89da-77627560c8ea', '{"action":"token_revoked","actor_id":"80d51b9e-b05d-4702-ab74-6ec478533c8f","actor_username":"butaeff@gmail.com","actor_via_sso":false,"log_type":"token"}', '2025-07-03 19:01:17.35586+00', ''),
	('00000000-0000-0000-0000-000000000000', '3bce3cd3-62f5-435d-af8f-297669a0a904', '{"action":"token_refreshed","actor_id":"80d51b9e-b05d-4702-ab74-6ec478533c8f","actor_username":"butaeff@gmail.com","actor_via_sso":false,"log_type":"token"}', '2025-07-03 19:01:21.497694+00', ''),
	('00000000-0000-0000-0000-000000000000', 'b6e108d4-89e2-45ed-8bd4-0ca1a7a2069e', '{"action":"login","actor_id":"80d51b9e-b05d-4702-ab74-6ec478533c8f","actor_username":"butaeff@gmail.com","actor_via_sso":false,"log_type":"account","traits":{"provider":"email"}}', '2025-07-03 19:01:46.348224+00', ''),
	('00000000-0000-0000-0000-000000000000', '3dc8ccc8-88a8-473d-b7fa-50bd7887e282', '{"action":"login","actor_id":"80d51b9e-b05d-4702-ab74-6ec478533c8f","actor_username":"butaeff@gmail.com","actor_via_sso":false,"log_type":"account","traits":{"provider":"email"}}', '2025-07-03 19:19:03.737461+00', ''),
	('00000000-0000-0000-0000-000000000000', '4b1cb956-f95b-4e87-8af0-cb02801fa28f', '{"action":"token_refreshed","actor_id":"80d51b9e-b05d-4702-ab74-6ec478533c8f","actor_username":"butaeff@gmail.com","actor_via_sso":false,"log_type":"token"}', '2025-07-03 20:19:18.016038+00', ''),
	('00000000-0000-0000-0000-000000000000', '3450b39d-1c44-40c1-b070-c6cf29ed65c4', '{"action":"token_revoked","actor_id":"80d51b9e-b05d-4702-ab74-6ec478533c8f","actor_username":"butaeff@gmail.com","actor_via_sso":false,"log_type":"token"}', '2025-07-03 20:19:18.018125+00', ''),
	('00000000-0000-0000-0000-000000000000', '39fcc4de-85e6-46e6-b0e7-c563e2e133ea', '{"action":"token_refreshed","actor_id":"80d51b9e-b05d-4702-ab74-6ec478533c8f","actor_username":"butaeff@gmail.com","actor_via_sso":false,"log_type":"token"}', '2025-07-03 20:20:09.959199+00', ''),
	('00000000-0000-0000-0000-000000000000', 'bbdf6a26-8624-4999-a409-d6aa9908f557', '{"action":"token_refreshed","actor_id":"80d51b9e-b05d-4702-ab74-6ec478533c8f","actor_username":"butaeff@gmail.com","actor_via_sso":false,"log_type":"token"}', '2025-07-03 20:20:17.381429+00', ''),
	('00000000-0000-0000-0000-000000000000', '2a18205d-996b-4c47-a03a-79ef30b21a86', '{"action":"token_refreshed","actor_id":"80d51b9e-b05d-4702-ab74-6ec478533c8f","actor_username":"butaeff@gmail.com","actor_via_sso":false,"log_type":"token"}', '2025-07-03 20:20:18.80149+00', ''),
	('00000000-0000-0000-0000-000000000000', '4f7cb8c3-44bd-4bb8-bdd3-92706040ffd4', '{"action":"token_refreshed","actor_id":"80d51b9e-b05d-4702-ab74-6ec478533c8f","actor_username":"butaeff@gmail.com","actor_via_sso":false,"log_type":"token"}', '2025-07-03 20:20:21.049978+00', ''),
	('00000000-0000-0000-0000-000000000000', '035d803e-7e3e-4ac2-aeed-46a3176b2b51', '{"action":"login","actor_id":"80d51b9e-b05d-4702-ab74-6ec478533c8f","actor_username":"butaeff@gmail.com","actor_via_sso":false,"log_type":"account","traits":{"provider":"email"}}', '2025-07-03 20:20:23.923257+00', ''),
	('00000000-0000-0000-0000-000000000000', '175f55bf-e8d8-4f5a-9c0c-1d6aa47d4c7a', '{"action":"token_refreshed","actor_id":"80d51b9e-b05d-4702-ab74-6ec478533c8f","actor_username":"butaeff@gmail.com","actor_via_sso":false,"log_type":"token"}', '2025-07-04 08:28:40.028832+00', ''),
	('00000000-0000-0000-0000-000000000000', '216209d2-f3fc-4764-b347-9a5b229f093b', '{"action":"token_revoked","actor_id":"80d51b9e-b05d-4702-ab74-6ec478533c8f","actor_username":"butaeff@gmail.com","actor_via_sso":false,"log_type":"token"}', '2025-07-04 08:28:40.048861+00', ''),
	('00000000-0000-0000-0000-000000000000', '61b6f12d-91ef-4e28-a55a-3798fcd22f2d', '{"action":"token_refreshed","actor_id":"80d51b9e-b05d-4702-ab74-6ec478533c8f","actor_username":"butaeff@gmail.com","actor_via_sso":false,"log_type":"token"}', '2025-07-04 08:28:44.115854+00', ''),
	('00000000-0000-0000-0000-000000000000', 'c315f89c-f5d0-4b79-ae8f-ba67921f35e4', '{"action":"login","actor_id":"80d51b9e-b05d-4702-ab74-6ec478533c8f","actor_username":"butaeff@gmail.com","actor_via_sso":false,"log_type":"account","traits":{"provider":"email"}}', '2025-07-04 08:33:53.588132+00', ''),
	('00000000-0000-0000-0000-000000000000', '6a500657-d713-4692-844f-862985d2abaa', '{"action":"token_refreshed","actor_id":"80d51b9e-b05d-4702-ab74-6ec478533c8f","actor_username":"butaeff@gmail.com","actor_via_sso":false,"log_type":"token"}', '2025-07-04 09:45:42.971912+00', ''),
	('00000000-0000-0000-0000-000000000000', 'b5cfc5d0-baf2-46c2-b23e-a900b99a0677', '{"action":"token_revoked","actor_id":"80d51b9e-b05d-4702-ab74-6ec478533c8f","actor_username":"butaeff@gmail.com","actor_via_sso":false,"log_type":"token"}', '2025-07-04 09:45:42.975651+00', ''),
	('00000000-0000-0000-0000-000000000000', 'e81a6e44-462b-45c7-b184-ba85ed017381', '{"action":"token_refreshed","actor_id":"80d51b9e-b05d-4702-ab74-6ec478533c8f","actor_username":"butaeff@gmail.com","actor_via_sso":false,"log_type":"token"}', '2025-07-04 10:44:25.312297+00', ''),
	('00000000-0000-0000-0000-000000000000', '1c13850f-d84f-4380-a75c-d702373ec3b1', '{"action":"token_revoked","actor_id":"80d51b9e-b05d-4702-ab74-6ec478533c8f","actor_username":"butaeff@gmail.com","actor_via_sso":false,"log_type":"token"}', '2025-07-04 10:44:25.313774+00', ''),
	('00000000-0000-0000-0000-000000000000', 'd498d100-bbfe-42b5-94f2-f4fbb76c7c3c', '{"action":"login","actor_id":"80d51b9e-b05d-4702-ab74-6ec478533c8f","actor_username":"butaeff@gmail.com","actor_via_sso":false,"log_type":"account","traits":{"provider":"email"}}', '2025-07-04 10:55:05.900223+00', ''),
	('00000000-0000-0000-0000-000000000000', '8ea97247-82c4-4720-8bd6-1ba0443f2f74', '{"action":"login","actor_id":"80d51b9e-b05d-4702-ab74-6ec478533c8f","actor_username":"butaeff@gmail.com","actor_via_sso":false,"log_type":"account","traits":{"provider":"email"}}', '2025-07-04 11:33:54.706092+00', ''),
	('00000000-0000-0000-0000-000000000000', '175358d9-2581-4949-892d-3d826581ed72', '{"action":"token_refreshed","actor_id":"80d51b9e-b05d-4702-ab74-6ec478533c8f","actor_username":"butaeff@gmail.com","actor_via_sso":false,"log_type":"token"}', '2025-07-04 13:31:56.50413+00', ''),
	('00000000-0000-0000-0000-000000000000', 'adb4dd05-5b6a-4b27-a018-cf6d96e6d1c9', '{"action":"token_revoked","actor_id":"80d51b9e-b05d-4702-ab74-6ec478533c8f","actor_username":"butaeff@gmail.com","actor_via_sso":false,"log_type":"token"}', '2025-07-04 13:31:56.505704+00', ''),
	('00000000-0000-0000-0000-000000000000', 'd05f7d91-f40d-45cd-8791-576fa0084dae', '{"action":"token_refreshed","actor_id":"80d51b9e-b05d-4702-ab74-6ec478533c8f","actor_username":"butaeff@gmail.com","actor_via_sso":false,"log_type":"token"}', '2025-07-04 16:22:28.494032+00', ''),
	('00000000-0000-0000-0000-000000000000', 'b306a120-5339-4028-be90-6a190711fa25', '{"action":"token_revoked","actor_id":"80d51b9e-b05d-4702-ab74-6ec478533c8f","actor_username":"butaeff@gmail.com","actor_via_sso":false,"log_type":"token"}', '2025-07-04 16:22:28.497112+00', ''),
	('00000000-0000-0000-0000-000000000000', '0d8033a8-4866-4ddf-a953-ea80c7aa5968', '{"action":"token_refreshed","actor_id":"80d51b9e-b05d-4702-ab74-6ec478533c8f","actor_username":"butaeff@gmail.com","actor_via_sso":false,"log_type":"token"}', '2025-07-04 16:22:31.416419+00', ''),
	('00000000-0000-0000-0000-000000000000', '4909d28f-ff96-4f78-937b-2983321f7710', '{"action":"token_refreshed","actor_id":"80d51b9e-b05d-4702-ab74-6ec478533c8f","actor_username":"butaeff@gmail.com","actor_via_sso":false,"log_type":"token"}', '2025-07-07 20:59:54.290699+00', ''),
	('00000000-0000-0000-0000-000000000000', '78163b18-3a42-458c-b493-b7280559f62b', '{"action":"token_revoked","actor_id":"80d51b9e-b05d-4702-ab74-6ec478533c8f","actor_username":"butaeff@gmail.com","actor_via_sso":false,"log_type":"token"}', '2025-07-07 20:59:54.299471+00', ''),
	('00000000-0000-0000-0000-000000000000', 'eaaa2180-f429-433c-b2ed-e7650cf6894d', '{"action":"token_refreshed","actor_id":"80d51b9e-b05d-4702-ab74-6ec478533c8f","actor_username":"butaeff@gmail.com","actor_via_sso":false,"log_type":"token"}', '2025-07-07 20:59:59.773883+00', ''),
	('00000000-0000-0000-0000-000000000000', '1c12fe0b-0106-4587-8d0f-0fde7b2e8540', '{"action":"login","actor_id":"80d51b9e-b05d-4702-ab74-6ec478533c8f","actor_username":"butaeff@gmail.com","actor_via_sso":false,"log_type":"account","traits":{"provider":"email"}}', '2025-07-07 21:06:38.316343+00', ''),
	('00000000-0000-0000-0000-000000000000', 'ce204196-1e96-483e-b1ec-e84d4e36d739', '{"action":"token_refreshed","actor_id":"80d51b9e-b05d-4702-ab74-6ec478533c8f","actor_username":"butaeff@gmail.com","actor_via_sso":false,"log_type":"token"}', '2025-07-07 22:19:55.372766+00', ''),
	('00000000-0000-0000-0000-000000000000', '7fa75ad4-a552-435e-ab40-cc5f04c1165a', '{"action":"token_revoked","actor_id":"80d51b9e-b05d-4702-ab74-6ec478533c8f","actor_username":"butaeff@gmail.com","actor_via_sso":false,"log_type":"token"}', '2025-07-07 22:19:55.374914+00', ''),
	('00000000-0000-0000-0000-000000000000', 'fa8282ad-0692-4177-820b-4970689af337', '{"action":"token_refreshed","actor_id":"80d51b9e-b05d-4702-ab74-6ec478533c8f","actor_username":"butaeff@gmail.com","actor_via_sso":false,"log_type":"token"}', '2025-07-08 17:41:03.16201+00', ''),
	('00000000-0000-0000-0000-000000000000', 'fcfdc33f-ba35-41f2-b9bc-5de15dd034ca', '{"action":"token_revoked","actor_id":"80d51b9e-b05d-4702-ab74-6ec478533c8f","actor_username":"butaeff@gmail.com","actor_via_sso":false,"log_type":"token"}', '2025-07-08 17:41:03.176558+00', ''),
	('00000000-0000-0000-0000-000000000000', '0a09cabe-0b6e-4b93-a622-4a2a24c9fb15', '{"action":"login","actor_id":"80d51b9e-b05d-4702-ab74-6ec478533c8f","actor_username":"butaeff@gmail.com","actor_via_sso":false,"log_type":"account","traits":{"provider":"email"}}', '2025-07-08 17:41:31.3456+00', ''),
	('00000000-0000-0000-0000-000000000000', 'f552cd96-05bc-4d8e-a7e5-a02a8d79b914', '{"action":"login","actor_id":"80d51b9e-b05d-4702-ab74-6ec478533c8f","actor_username":"butaeff@gmail.com","actor_via_sso":false,"log_type":"account","traits":{"provider":"email"}}', '2025-07-08 18:08:18.067643+00', ''),
	('00000000-0000-0000-0000-000000000000', '2d062b7f-83ff-4d08-88ec-29731867a165', '{"action":"token_refreshed","actor_id":"80d51b9e-b05d-4702-ab74-6ec478533c8f","actor_username":"butaeff@gmail.com","actor_via_sso":false,"log_type":"token"}', '2025-07-08 19:55:44.420316+00', ''),
	('00000000-0000-0000-0000-000000000000', 'cb9e9f1d-067b-4531-bf84-f86590f93a19', '{"action":"token_revoked","actor_id":"80d51b9e-b05d-4702-ab74-6ec478533c8f","actor_username":"butaeff@gmail.com","actor_via_sso":false,"log_type":"token"}', '2025-07-08 19:55:44.421857+00', ''),
	('00000000-0000-0000-0000-000000000000', '01b72101-eb77-4ab5-9394-e7d39a91245e', '{"action":"token_refreshed","actor_id":"80d51b9e-b05d-4702-ab74-6ec478533c8f","actor_username":"butaeff@gmail.com","actor_via_sso":false,"log_type":"token"}', '2025-07-08 20:59:53.161839+00', ''),
	('00000000-0000-0000-0000-000000000000', 'fa1e87ba-eff7-45e0-a929-1da9d1924b3a', '{"action":"token_revoked","actor_id":"80d51b9e-b05d-4702-ab74-6ec478533c8f","actor_username":"butaeff@gmail.com","actor_via_sso":false,"log_type":"token"}', '2025-07-08 20:59:53.164264+00', ''),
	('00000000-0000-0000-0000-000000000000', '5b26452a-bebb-4f63-ac7f-a0e15fd80739', '{"action":"token_refreshed","actor_id":"80d51b9e-b05d-4702-ab74-6ec478533c8f","actor_username":"butaeff@gmail.com","actor_via_sso":false,"log_type":"token"}', '2025-07-08 21:59:53.394042+00', ''),
	('00000000-0000-0000-0000-000000000000', 'cd21a4c8-668f-42b6-bcfd-f4fae4cd6c34', '{"action":"token_revoked","actor_id":"80d51b9e-b05d-4702-ab74-6ec478533c8f","actor_username":"butaeff@gmail.com","actor_via_sso":false,"log_type":"token"}', '2025-07-08 21:59:53.396537+00', ''),
	('00000000-0000-0000-0000-000000000000', '0fae095e-eefb-4d03-8138-1ed56a5d116e', '{"action":"token_refreshed","actor_id":"80d51b9e-b05d-4702-ab74-6ec478533c8f","actor_username":"butaeff@gmail.com","actor_via_sso":false,"log_type":"token"}', '2025-07-08 22:59:53.58349+00', ''),
	('00000000-0000-0000-0000-000000000000', '3ba37d18-ed71-46c6-a0f1-d303a075371a', '{"action":"token_revoked","actor_id":"80d51b9e-b05d-4702-ab74-6ec478533c8f","actor_username":"butaeff@gmail.com","actor_via_sso":false,"log_type":"token"}', '2025-07-08 22:59:53.58509+00', ''),
	('00000000-0000-0000-0000-000000000000', '8edfaef0-32e8-4ddc-86e6-940624e93939', '{"action":"token_refreshed","actor_id":"80d51b9e-b05d-4702-ab74-6ec478533c8f","actor_username":"butaeff@gmail.com","actor_via_sso":false,"log_type":"token"}', '2025-07-08 23:59:53.281786+00', ''),
	('00000000-0000-0000-0000-000000000000', 'ec2f4fc4-1e97-42f2-a73a-ec6ddfa2efc1', '{"action":"token_revoked","actor_id":"80d51b9e-b05d-4702-ab74-6ec478533c8f","actor_username":"butaeff@gmail.com","actor_via_sso":false,"log_type":"token"}', '2025-07-08 23:59:53.283597+00', ''),
	('00000000-0000-0000-0000-000000000000', 'bd4c4793-bcba-44db-8008-910c33bf8bd8', '{"action":"token_refreshed","actor_id":"80d51b9e-b05d-4702-ab74-6ec478533c8f","actor_username":"butaeff@gmail.com","actor_via_sso":false,"log_type":"token"}', '2025-07-09 00:58:17.983267+00', ''),
	('00000000-0000-0000-0000-000000000000', '4d3708ac-784a-4d7f-b5c0-21eedc16b76b', '{"action":"token_revoked","actor_id":"80d51b9e-b05d-4702-ab74-6ec478533c8f","actor_username":"butaeff@gmail.com","actor_via_sso":false,"log_type":"token"}', '2025-07-09 00:58:17.984816+00', ''),
	('00000000-0000-0000-0000-000000000000', 'dfac9fbf-4390-47f9-a4e0-c6ec8c8284fe', '{"action":"login","actor_id":"80d51b9e-b05d-4702-ab74-6ec478533c8f","actor_username":"butaeff@gmail.com","actor_via_sso":false,"log_type":"account","traits":{"provider":"email"}}', '2025-07-09 01:01:13.594348+00', ''),
	('00000000-0000-0000-0000-000000000000', '29d9f1a0-1a0d-40c4-8f6e-e2d9b1b998cd', '{"action":"token_refreshed","actor_id":"80d51b9e-b05d-4702-ab74-6ec478533c8f","actor_username":"butaeff@gmail.com","actor_via_sso":false,"log_type":"token"}', '2025-07-09 08:49:55.321795+00', ''),
	('00000000-0000-0000-0000-000000000000', 'c1ec332b-aec3-4094-a9d5-bcd6f0b8bf83', '{"action":"token_revoked","actor_id":"80d51b9e-b05d-4702-ab74-6ec478533c8f","actor_username":"butaeff@gmail.com","actor_via_sso":false,"log_type":"token"}', '2025-07-09 08:49:55.338573+00', ''),
	('00000000-0000-0000-0000-000000000000', '37a3679d-6fbb-46fe-9b61-5abcce720cd2', '{"action":"token_refreshed","actor_id":"80d51b9e-b05d-4702-ab74-6ec478533c8f","actor_username":"butaeff@gmail.com","actor_via_sso":false,"log_type":"token"}', '2025-07-09 20:14:48.333597+00', ''),
	('00000000-0000-0000-0000-000000000000', '0b0ce4f3-765f-463b-adb1-0e945d13a2af', '{"action":"token_revoked","actor_id":"80d51b9e-b05d-4702-ab74-6ec478533c8f","actor_username":"butaeff@gmail.com","actor_via_sso":false,"log_type":"token"}', '2025-07-09 20:14:48.337801+00', ''),
	('00000000-0000-0000-0000-000000000000', '5507a617-0e4e-4792-8f63-a3e0e173f10f', '{"action":"token_refreshed","actor_id":"80d51b9e-b05d-4702-ab74-6ec478533c8f","actor_username":"butaeff@gmail.com","actor_via_sso":false,"log_type":"token"}', '2025-07-09 21:13:53.630726+00', ''),
	('00000000-0000-0000-0000-000000000000', 'bfc874a0-0404-407d-9db8-0f3ecbc77a91', '{"action":"token_revoked","actor_id":"80d51b9e-b05d-4702-ab74-6ec478533c8f","actor_username":"butaeff@gmail.com","actor_via_sso":false,"log_type":"token"}', '2025-07-09 21:13:53.633356+00', ''),
	('00000000-0000-0000-0000-000000000000', '53eae9de-7722-41cc-bcbe-5a398d1cd47a', '{"action":"token_refreshed","actor_id":"80d51b9e-b05d-4702-ab74-6ec478533c8f","actor_username":"butaeff@gmail.com","actor_via_sso":false,"log_type":"token"}', '2025-07-09 22:12:06.973022+00', ''),
	('00000000-0000-0000-0000-000000000000', '5a56888a-9574-4662-895f-7a4cd5ca61e3', '{"action":"token_revoked","actor_id":"80d51b9e-b05d-4702-ab74-6ec478533c8f","actor_username":"butaeff@gmail.com","actor_via_sso":false,"log_type":"token"}', '2025-07-09 22:12:06.974955+00', ''),
	('00000000-0000-0000-0000-000000000000', 'ff26849c-d606-4b12-8c13-c0c27667c9e9', '{"action":"token_refreshed","actor_id":"80d51b9e-b05d-4702-ab74-6ec478533c8f","actor_username":"butaeff@gmail.com","actor_via_sso":false,"log_type":"token"}', '2025-07-09 23:10:06.863639+00', ''),
	('00000000-0000-0000-0000-000000000000', 'a290fe4f-9c9a-4e0f-9f67-b93efc0c1abd', '{"action":"token_revoked","actor_id":"80d51b9e-b05d-4702-ab74-6ec478533c8f","actor_username":"butaeff@gmail.com","actor_via_sso":false,"log_type":"token"}', '2025-07-09 23:10:06.865476+00', ''),
	('00000000-0000-0000-0000-000000000000', 'd0d530a5-9efb-4373-9b72-eef9ead78412', '{"action":"token_refreshed","actor_id":"80d51b9e-b05d-4702-ab74-6ec478533c8f","actor_username":"butaeff@gmail.com","actor_via_sso":false,"log_type":"token"}', '2025-07-10 01:58:02.285636+00', ''),
	('00000000-0000-0000-0000-000000000000', '66b90926-8640-49c7-8317-ff86f2427632', '{"action":"token_revoked","actor_id":"80d51b9e-b05d-4702-ab74-6ec478533c8f","actor_username":"butaeff@gmail.com","actor_via_sso":false,"log_type":"token"}', '2025-07-10 01:58:02.28973+00', ''),
	('00000000-0000-0000-0000-000000000000', '6e39fad9-2173-4bcb-9314-0b4335b57d57', '{"action":"user_signedup","actor_id":"613aad1d-c231-4a64-83d6-794f94b530ba","actor_username":"test@example.com","actor_via_sso":false,"log_type":"team","traits":{"provider":"email"}}', '2025-07-15 17:32:02.918177+00', ''),
	('00000000-0000-0000-0000-000000000000', '2f41701d-1e4c-43f6-87c2-ffaf0645d951', '{"action":"login","actor_id":"613aad1d-c231-4a64-83d6-794f94b530ba","actor_username":"test@example.com","actor_via_sso":false,"log_type":"account","traits":{"provider":"email"}}', '2025-07-15 17:32:02.932398+00', ''),
	('00000000-0000-0000-0000-000000000000', 'cd4d130c-8d7b-4201-b617-e8b7ce8768f3', '{"action":"user_repeated_signup","actor_id":"80d51b9e-b05d-4702-ab74-6ec478533c8f","actor_username":"butaeff@gmail.com","actor_via_sso":false,"log_type":"user","traits":{"provider":"email"}}', '2025-08-22 01:28:37.747496+00', ''),
	('00000000-0000-0000-0000-000000000000', '967dec36-69a3-408c-ae30-5e50e5de60f1', '{"action":"user_recovery_requested","actor_id":"80d51b9e-b05d-4702-ab74-6ec478533c8f","actor_username":"butaeff@gmail.com","actor_via_sso":false,"log_type":"user"}', '2025-08-22 01:28:58.853885+00', ''),
	('00000000-0000-0000-0000-000000000000', '6bd7162e-0056-4b5a-a1ba-29ab347f621d', '{"action":"login","actor_id":"80d51b9e-b05d-4702-ab74-6ec478533c8f","actor_username":"butaeff@gmail.com","actor_via_sso":false,"log_type":"account"}', '2025-08-22 01:30:01.572973+00', ''),
	('00000000-0000-0000-0000-000000000000', 'dbee0707-b89a-477f-8602-32952d667f34', '{"action":"login","actor_id":"80d51b9e-b05d-4702-ab74-6ec478533c8f","actor_username":"butaeff@gmail.com","actor_via_sso":false,"log_type":"account","traits":{"provider_type":"recovery"}}', '2025-08-22 01:32:53.910558+00', ''),
	('00000000-0000-0000-0000-000000000000', '12f6b6f7-6cc8-4616-b910-516935e600f2', '{"action":"user_recovery_requested","actor_id":"80d51b9e-b05d-4702-ab74-6ec478533c8f","actor_username":"butaeff@gmail.com","actor_via_sso":false,"log_type":"user"}', '2025-08-22 01:34:41.668783+00', ''),
	('00000000-0000-0000-0000-000000000000', 'd21fa7f8-5dbd-46a5-827a-81a8bd8996ee', '{"action":"user_recovery_requested","actor_id":"80d51b9e-b05d-4702-ab74-6ec478533c8f","actor_username":"butaeff@gmail.com","actor_via_sso":false,"log_type":"user"}', '2025-08-22 01:36:56.33956+00', ''),
	('00000000-0000-0000-0000-000000000000', '30e13a98-7101-4a16-8a48-53282b06a8f0', '{"action":"user_recovery_requested","actor_id":"80d51b9e-b05d-4702-ab74-6ec478533c8f","actor_username":"butaeff@gmail.com","actor_via_sso":false,"log_type":"user"}', '2025-08-22 01:46:07.55159+00', ''),
	('00000000-0000-0000-0000-000000000000', '996b93c4-f72e-403b-ba93-0ddf0d2c0604', '{"action":"user_recovery_requested","actor_id":"80d51b9e-b05d-4702-ab74-6ec478533c8f","actor_username":"butaeff@gmail.com","actor_via_sso":false,"log_type":"user"}', '2025-08-22 08:14:42.965133+00', ''),
	('00000000-0000-0000-0000-000000000000', '26abe4b1-63ed-4a7e-aa16-d0574be8ed8f', '{"action":"user_recovery_requested","actor_id":"80d51b9e-b05d-4702-ab74-6ec478533c8f","actor_username":"butaeff@gmail.com","actor_via_sso":false,"log_type":"user"}', '2025-08-22 08:20:13.321212+00', ''),
	('00000000-0000-0000-0000-000000000000', '29ee9118-66e8-4723-b970-5d8a029402dd', '{"action":"login","actor_id":"80d51b9e-b05d-4702-ab74-6ec478533c8f","actor_username":"butaeff@gmail.com","actor_via_sso":false,"log_type":"account"}', '2025-08-22 08:20:30.439881+00', ''),
	('00000000-0000-0000-0000-000000000000', '40fb8bf7-3070-4fb5-8b8c-03119ce664d4', '{"action":"user_recovery_requested","actor_id":"e954df8f-6a9b-4cb1-8c3f-8518dc78f846","actor_username":"test@orangecat.ch","actor_via_sso":false,"log_type":"user"}', '2025-08-22 09:40:01.537159+00', ''),
	('00000000-0000-0000-0000-000000000000', 'b7cea7fc-6e44-41ff-82e7-109fce500cf3', '{"action":"user_repeated_signup","actor_id":"80d51b9e-b05d-4702-ab74-6ec478533c8f","actor_username":"butaeff@gmail.com","actor_via_sso":false,"log_type":"user","traits":{"provider":"email"}}', '2025-08-25 11:18:17.288765+00', ''),
	('00000000-0000-0000-0000-000000000000', 'ff849404-373e-4e99-8b53-cefefe05689c', '{"action":"user_recovery_requested","actor_id":"80d51b9e-b05d-4702-ab74-6ec478533c8f","actor_username":"butaeff@gmail.com","actor_via_sso":false,"log_type":"user"}', '2025-08-25 12:26:05.082582+00', ''),
	('00000000-0000-0000-0000-000000000000', '1a592d18-4e9f-4fb0-883b-5390ea0833ec', '{"action":"login","actor_id":"80d51b9e-b05d-4702-ab74-6ec478533c8f","actor_username":"butaeff@gmail.com","actor_via_sso":false,"log_type":"account"}', '2025-08-25 12:26:52.679535+00', ''),
	('00000000-0000-0000-0000-000000000000', 'e30de75a-290d-4f57-ab98-67eaad7e7d8b', '{"action":"user_recovery_requested","actor_id":"80d51b9e-b05d-4702-ab74-6ec478533c8f","actor_username":"butaeff@gmail.com","actor_via_sso":false,"log_type":"user"}', '2025-08-25 12:32:29.653438+00', ''),
	('00000000-0000-0000-0000-000000000000', '2da9eb6d-3466-4b1b-9e9a-9a3140a1e748', '{"action":"user_recovery_requested","actor_id":"80d51b9e-b05d-4702-ab74-6ec478533c8f","actor_username":"butaeff@gmail.com","actor_via_sso":false,"log_type":"user"}', '2025-08-25 12:50:34.700322+00', ''),
	('00000000-0000-0000-0000-000000000000', '80dae9c1-660f-4ffa-b469-587e7bc92522', '{"action":"login","actor_id":"80d51b9e-b05d-4702-ab74-6ec478533c8f","actor_username":"butaeff@gmail.com","actor_via_sso":false,"log_type":"account"}', '2025-08-25 12:51:00.101482+00', ''),
	('00000000-0000-0000-0000-000000000000', '609650e9-1590-4997-8d06-aa9f9a0d351a', '{"action":"user_repeated_signup","actor_id":"80d51b9e-b05d-4702-ab74-6ec478533c8f","actor_username":"butaeff@gmail.com","actor_via_sso":false,"log_type":"user","traits":{"provider":"email"}}', '2025-08-25 13:11:41.013386+00', ''),
	('00000000-0000-0000-0000-000000000000', 'b1e0cd0f-379a-454d-b2b9-2b80e24ea879', '{"action":"user_repeated_signup","actor_id":"80d51b9e-b05d-4702-ab74-6ec478533c8f","actor_username":"butaeff@gmail.com","actor_via_sso":false,"log_type":"user","traits":{"provider":"email"}}', '2025-08-25 13:11:42.552517+00', ''),
	('00000000-0000-0000-0000-000000000000', '15d93ce2-d628-40ba-8630-c8983dfa3d13', '{"action":"user_recovery_requested","actor_id":"80d51b9e-b05d-4702-ab74-6ec478533c8f","actor_username":"butaeff@gmail.com","actor_via_sso":false,"log_type":"user"}', '2025-08-25 13:16:33.541759+00', ''),
	('00000000-0000-0000-0000-000000000000', '99a7d1e2-6748-43b9-be7b-2fa7cdf7b852', '{"action":"login","actor_id":"80d51b9e-b05d-4702-ab74-6ec478533c8f","actor_username":"butaeff@gmail.com","actor_via_sso":false,"log_type":"account"}', '2025-08-25 13:16:58.993404+00', ''),
	('00000000-0000-0000-0000-000000000000', 'a1efdc4b-0d93-41b7-b8d5-1b489575e6b8', '{"action":"login","actor_id":"80d51b9e-b05d-4702-ab74-6ec478533c8f","actor_username":"butaeff@gmail.com","actor_via_sso":false,"log_type":"account","traits":{"provider_type":"recovery"}}', '2025-08-25 13:17:00.632784+00', ''),
	('00000000-0000-0000-0000-000000000000', 'c4872e2d-8fa2-4b11-9649-a26eaaa265d6', '{"action":"user_repeated_signup","actor_id":"80d51b9e-b05d-4702-ab74-6ec478533c8f","actor_username":"butaeff@gmail.com","actor_via_sso":false,"log_type":"user","traits":{"provider":"email"}}', '2025-08-25 13:23:26.737073+00', ''),
	('00000000-0000-0000-0000-000000000000', 'c50acff7-e2fb-4da5-8a6d-fab89ebe1d5b', '{"action":"user_recovery_requested","actor_id":"80d51b9e-b05d-4702-ab74-6ec478533c8f","actor_username":"butaeff@gmail.com","actor_via_sso":false,"log_type":"user"}', '2025-08-25 13:23:51.072172+00', ''),
	('00000000-0000-0000-0000-000000000000', '035b4f48-bd31-40f6-af15-350aeb6f5741', '{"action":"user_recovery_requested","actor_id":"80d51b9e-b05d-4702-ab74-6ec478533c8f","actor_username":"butaeff@gmail.com","actor_via_sso":false,"log_type":"user"}', '2025-08-25 13:32:57.819964+00', ''),
	('00000000-0000-0000-0000-000000000000', '6946d2fc-2d0f-4a34-95ea-a2bb2fb2698b', '{"action":"login","actor_id":"80d51b9e-b05d-4702-ab74-6ec478533c8f","actor_username":"butaeff@gmail.com","actor_via_sso":false,"log_type":"account"}', '2025-08-25 13:33:36.20457+00', ''),
	('00000000-0000-0000-0000-000000000000', '94b8f4ba-f403-4260-a5fd-a879b88b9f99', '{"action":"login","actor_id":"80d51b9e-b05d-4702-ab74-6ec478533c8f","actor_username":"butaeff@gmail.com","actor_via_sso":false,"log_type":"account","traits":{"provider_type":"recovery"}}', '2025-08-25 13:33:38.267444+00', ''),
	('00000000-0000-0000-0000-000000000000', 'aff952ec-2dbc-49de-8bef-895f689fa74b', '{"action":"user_recovery_requested","actor_id":"80d51b9e-b05d-4702-ab74-6ec478533c8f","actor_username":"butaeff@gmail.com","actor_via_sso":false,"log_type":"user"}', '2025-08-25 13:43:17.928022+00', ''),
	('00000000-0000-0000-0000-000000000000', '671f5702-a09c-4852-9c89-98d349c95f62', '{"action":"login","actor_id":"80d51b9e-b05d-4702-ab74-6ec478533c8f","actor_username":"butaeff@gmail.com","actor_via_sso":false,"log_type":"account"}', '2025-08-25 13:43:33.520821+00', ''),
	('00000000-0000-0000-0000-000000000000', 'fb466e4c-a869-42a1-8bfe-9d19977c6303', '{"action":"user_recovery_requested","actor_id":"80d51b9e-b05d-4702-ab74-6ec478533c8f","actor_username":"butaeff@gmail.com","actor_via_sso":false,"log_type":"user"}', '2025-08-25 14:06:01.630535+00', ''),
	('00000000-0000-0000-0000-000000000000', 'e38eb95e-4a55-49aa-a9e1-e6d61cf8239a', '{"action":"login","actor_id":"80d51b9e-b05d-4702-ab74-6ec478533c8f","actor_username":"butaeff@gmail.com","actor_via_sso":false,"log_type":"account"}', '2025-08-25 14:08:13.434509+00', ''),
	('00000000-0000-0000-0000-000000000000', '89792b83-0312-45f8-84cd-0f366cc88bb3', '{"action":"token_refreshed","actor_id":"80d51b9e-b05d-4702-ab74-6ec478533c8f","actor_username":"butaeff@gmail.com","actor_via_sso":false,"log_type":"token"}', '2025-08-25 14:55:16.505639+00', ''),
	('00000000-0000-0000-0000-000000000000', 'f28887bc-9f70-4d3f-a41c-0d5693fb28d0', '{"action":"token_revoked","actor_id":"80d51b9e-b05d-4702-ab74-6ec478533c8f","actor_username":"butaeff@gmail.com","actor_via_sso":false,"log_type":"token"}', '2025-08-25 14:55:16.506636+00', ''),
	('00000000-0000-0000-0000-000000000000', 'edfc19d5-0c76-49db-b59d-1dfe310b4ba7', '{"action":"token_refreshed","actor_id":"80d51b9e-b05d-4702-ab74-6ec478533c8f","actor_username":"butaeff@gmail.com","actor_via_sso":false,"log_type":"token"}', '2025-08-26 08:24:26.087205+00', ''),
	('00000000-0000-0000-0000-000000000000', '628135c9-4c73-4fe5-ba28-89b04e034f8b', '{"action":"token_revoked","actor_id":"80d51b9e-b05d-4702-ab74-6ec478533c8f","actor_username":"butaeff@gmail.com","actor_via_sso":false,"log_type":"token"}', '2025-08-26 08:24:26.10876+00', ''),
	('00000000-0000-0000-0000-000000000000', '36919827-620f-41a4-b3e2-b3e62f4285ec', '{"action":"user_recovery_requested","actor_id":"80d51b9e-b05d-4702-ab74-6ec478533c8f","actor_username":"butaeff@gmail.com","actor_via_sso":false,"log_type":"user"}', '2025-08-26 08:41:56.813352+00', ''),
	('00000000-0000-0000-0000-000000000000', 'c97dcde6-4aae-4b42-a036-38f754a92040', '{"action":"user_recovery_requested","actor_id":"80d51b9e-b05d-4702-ab74-6ec478533c8f","actor_username":"butaeff@gmail.com","actor_via_sso":false,"log_type":"user"}', '2025-08-26 08:57:20.658069+00', ''),
	('00000000-0000-0000-0000-000000000000', 'bbac41dc-14d6-4345-b2ac-86e818136ee0', '{"action":"login","actor_id":"80d51b9e-b05d-4702-ab74-6ec478533c8f","actor_username":"butaeff@gmail.com","actor_via_sso":false,"log_type":"account"}', '2025-08-26 08:57:31.850618+00', ''),
	('00000000-0000-0000-0000-000000000000', '77c14aef-e331-49f9-8529-ad0f2a543b8e', '{"action":"user_recovery_requested","actor_id":"80d51b9e-b05d-4702-ab74-6ec478533c8f","actor_username":"butaeff@gmail.com","actor_via_sso":false,"log_type":"user"}', '2025-08-26 12:44:34.761461+00', ''),
	('00000000-0000-0000-0000-000000000000', '41697f05-bc44-4846-90c9-b701eb11f5bf', '{"action":"login","actor_id":"80d51b9e-b05d-4702-ab74-6ec478533c8f","actor_username":"butaeff@gmail.com","actor_via_sso":false,"log_type":"account"}', '2025-08-26 12:45:10.861804+00', ''),
	('00000000-0000-0000-0000-000000000000', '0387f2bc-e779-481d-b40c-c9b8a2b903d2', '{"action":"user_recovery_requested","actor_id":"80d51b9e-b05d-4702-ab74-6ec478533c8f","actor_username":"butaeff@gmail.com","actor_via_sso":false,"log_type":"user"}', '2025-08-26 13:30:53.718307+00', ''),
	('00000000-0000-0000-0000-000000000000', 'ab8eab62-f7a8-41e2-a557-778adc5e2a40', '{"action":"login","actor_id":"80d51b9e-b05d-4702-ab74-6ec478533c8f","actor_username":"butaeff@gmail.com","actor_via_sso":false,"log_type":"account"}', '2025-08-26 13:31:09.975136+00', ''),
	('00000000-0000-0000-0000-000000000000', 'bc833648-3ace-4b6c-9032-97a516ddae5e', '{"action":"user_repeated_signup","actor_id":"80d51b9e-b05d-4702-ab74-6ec478533c8f","actor_username":"butaeff@gmail.com","actor_via_sso":false,"log_type":"user","traits":{"provider":"email"}}', '2025-08-26 13:42:05.720745+00', ''),
	('00000000-0000-0000-0000-000000000000', 'aadbf3b9-5c0a-4eaa-a7be-9411665178b3', '{"action":"user_recovery_requested","actor_id":"80d51b9e-b05d-4702-ab74-6ec478533c8f","actor_username":"butaeff@gmail.com","actor_via_sso":false,"log_type":"user"}', '2025-08-26 13:42:22.66908+00', ''),
	('00000000-0000-0000-0000-000000000000', 'f97b79a7-6a1a-45a6-a743-4f5c9f202360', '{"action":"login","actor_id":"80d51b9e-b05d-4702-ab74-6ec478533c8f","actor_username":"butaeff@gmail.com","actor_via_sso":false,"log_type":"account"}', '2025-08-26 13:43:00.125545+00', ''),
	('00000000-0000-0000-0000-000000000000', 'c12da65d-7f35-4b25-979e-280acdd7292f', '{"action":"user_recovery_requested","actor_id":"80d51b9e-b05d-4702-ab74-6ec478533c8f","actor_username":"butaeff@gmail.com","actor_via_sso":false,"log_type":"user"}', '2025-08-26 14:31:37.511363+00', ''),
	('00000000-0000-0000-0000-000000000000', '1ab99995-e30f-40c9-b210-48feb26947bf', '{"action":"login","actor_id":"80d51b9e-b05d-4702-ab74-6ec478533c8f","actor_username":"butaeff@gmail.com","actor_via_sso":false,"log_type":"account"}', '2025-08-26 14:32:50.687861+00', ''),
	('00000000-0000-0000-0000-000000000000', '1b271599-7ce9-4f86-a393-3b189b8b88c3', '{"action":"login","actor_id":"80d51b9e-b05d-4702-ab74-6ec478533c8f","actor_username":"butaeff@gmail.com","actor_via_sso":false,"log_type":"account","traits":{"provider_type":"recovery"}}', '2025-08-26 14:32:52.574519+00', ''),
	('00000000-0000-0000-0000-000000000000', '31e26e6a-a053-41ba-a100-9c5ec62aa2b5', '{"action":"user_recovery_requested","actor_id":"80d51b9e-b05d-4702-ab74-6ec478533c8f","actor_username":"butaeff@gmail.com","actor_via_sso":false,"log_type":"user"}', '2025-08-26 14:35:25.579775+00', ''),
	('00000000-0000-0000-0000-000000000000', '2fcb994e-f392-4a8e-a7e3-3b4b61a9bd93', '{"action":"login","actor_id":"80d51b9e-b05d-4702-ab74-6ec478533c8f","actor_username":"butaeff@gmail.com","actor_via_sso":false,"log_type":"account"}', '2025-08-26 14:36:05.834896+00', ''),
	('00000000-0000-0000-0000-000000000000', 'b7b0736c-94ec-4d67-a054-cfeab831a82f', '{"action":"login","actor_id":"80d51b9e-b05d-4702-ab74-6ec478533c8f","actor_username":"butaeff@gmail.com","actor_via_sso":false,"log_type":"account","traits":{"provider_type":"recovery"}}', '2025-08-26 14:36:07.654704+00', ''),
	('00000000-0000-0000-0000-000000000000', '59a2bb36-f56b-4c06-afad-16d64001026a', '{"action":"user_recovery_requested","actor_id":"80d51b9e-b05d-4702-ab74-6ec478533c8f","actor_username":"butaeff@gmail.com","actor_via_sso":false,"log_type":"user"}', '2025-08-26 14:36:37.697427+00', ''),
	('00000000-0000-0000-0000-000000000000', '8b4f68bf-c519-48eb-8291-2d27bfb3c8a4', '{"action":"login","actor_id":"80d51b9e-b05d-4702-ab74-6ec478533c8f","actor_username":"butaeff@gmail.com","actor_via_sso":false,"log_type":"account"}', '2025-08-26 14:37:28.926834+00', ''),
	('00000000-0000-0000-0000-000000000000', 'f9401ac7-fd5c-4ff4-95c3-0e4b5486ac00', '{"action":"login","actor_id":"80d51b9e-b05d-4702-ab74-6ec478533c8f","actor_username":"butaeff@gmail.com","actor_via_sso":false,"log_type":"account","traits":{"provider_type":"recovery"}}', '2025-08-26 14:37:29.802765+00', ''),
	('00000000-0000-0000-0000-000000000000', '50c666c6-558a-4f9a-af52-ff5d9f3d8736', '{"action":"user_deleted","actor_id":"00000000-0000-0000-0000-000000000000","actor_username":"service_role","actor_via_sso":false,"log_type":"team","traits":{"user_email":"butaeff@gmail.com","user_id":"80d51b9e-b05d-4702-ab74-6ec478533c8f","user_phone":""}}', '2025-08-26 14:40:06.201413+00', ''),
	('00000000-0000-0000-0000-000000000000', '7c684e2c-4928-47d9-9fe3-eef5376bb094', '{"action":"user_deleted","actor_id":"00000000-0000-0000-0000-000000000000","actor_username":"service_role","actor_via_sso":false,"log_type":"team","traits":{"user_email":"mao@gmail.com","user_id":"7a470988-c9c5-42d0-9e4b-1f6ba5500e19","user_phone":""}}', '2025-08-26 14:40:06.218251+00', ''),
	('00000000-0000-0000-0000-000000000000', '71a7fa27-46b0-4ef7-9aaf-9d935731416d', '{"action":"user_deleted","actor_id":"00000000-0000-0000-0000-000000000000","actor_username":"service_role","actor_via_sso":false,"log_type":"team","traits":{"user_email":"test@orangecat.ch","user_id":"e954df8f-6a9b-4cb1-8c3f-8518dc78f846","user_phone":""}}', '2025-08-26 14:40:06.218515+00', ''),
	('00000000-0000-0000-0000-000000000000', '9ed2de0d-e931-41e9-a72f-e4f01591ce1b', '{"action":"user_deleted","actor_id":"00000000-0000-0000-0000-000000000000","actor_username":"service_role","actor_via_sso":false,"log_type":"team","traits":{"user_email":"test@example.com","user_id":"613aad1d-c231-4a64-83d6-794f94b530ba","user_phone":""}}', '2025-08-26 14:40:06.231918+00', ''),
	('00000000-0000-0000-0000-000000000000', '76a4f5da-4e4e-4c27-891a-8c2cde5209ca', '{"action":"user_signedup","actor_id":"cec88bc9-557f-452b-92f1-e093092fecd6","actor_username":"butaeff@gmail.com","actor_via_sso":false,"log_type":"team","traits":{"provider":"email"}}', '2025-08-26 14:40:17.459072+00', ''),
	('00000000-0000-0000-0000-000000000000', 'a3393b89-4df6-47be-94e8-90dd9acdc07c', '{"action":"login","actor_id":"cec88bc9-557f-452b-92f1-e093092fecd6","actor_username":"butaeff@gmail.com","actor_via_sso":false,"log_type":"account","traits":{"provider":"email"}}', '2025-08-26 14:40:17.462999+00', ''),
	('00000000-0000-0000-0000-000000000000', '61a64117-9335-41f7-9e25-deb5be0ea13f', '{"action":"login","actor_id":"cec88bc9-557f-452b-92f1-e093092fecd6","actor_username":"butaeff@gmail.com","actor_via_sso":false,"log_type":"account","traits":{"provider":"email"}}', '2025-08-26 14:40:24.378197+00', ''),
	('00000000-0000-0000-0000-000000000000', '015d73bc-a1ba-4f4d-ade4-9ef0b6028dee', '{"action":"user_signedup","actor_id":"6a5d5d0b-9f13-47a9-942b-524b3faca5dd","actor_username":"curl-test@example.com","actor_via_sso":false,"log_type":"team","traits":{"provider":"email"}}', '2025-09-24 22:36:17.535394+00', ''),
	('00000000-0000-0000-0000-000000000000', 'aa847b5f-842d-4797-a155-0ee966a9b1b2', '{"action":"login","actor_id":"6a5d5d0b-9f13-47a9-942b-524b3faca5dd","actor_username":"curl-test@example.com","actor_via_sso":false,"log_type":"account","traits":{"provider":"email"}}', '2025-09-24 22:36:17.559157+00', ''),
	('00000000-0000-0000-0000-000000000000', '24745e00-340a-4464-9ad0-7dc0a465e99b', '{"action":"user_signedup","actor_id":"741fa1c6-e345-41c5-ad05-81cc53add59f","actor_username":"node-test@example.com","actor_via_sso":false,"log_type":"team","traits":{"provider":"email"}}', '2025-09-24 22:38:22.124537+00', ''),
	('00000000-0000-0000-0000-000000000000', '0d4add74-2248-44d5-abfa-fc9ed3642ba1', '{"action":"login","actor_id":"741fa1c6-e345-41c5-ad05-81cc53add59f","actor_username":"node-test@example.com","actor_via_sso":false,"log_type":"account","traits":{"provider":"email"}}', '2025-09-24 22:38:22.1287+00', ''),
	('00000000-0000-0000-0000-000000000000', '7d63962d-8ef4-44d5-b8cd-87bbfced6077', '{"action":"user_signedup","actor_id":"6f593d47-c6a2-433b-bd66-a9b025b0cdb6","actor_username":"fetch-browser-test@example.com","actor_via_sso":false,"log_type":"team","traits":{"provider":"email"}}', '2025-09-24 22:39:56.573946+00', ''),
	('00000000-0000-0000-0000-000000000000', '49fcc7ca-56cf-4b2d-9055-14edb1469752', '{"action":"login","actor_id":"6f593d47-c6a2-433b-bd66-a9b025b0cdb6","actor_username":"fetch-browser-test@example.com","actor_via_sso":false,"log_type":"account","traits":{"provider":"email"}}', '2025-09-24 22:39:56.577976+00', ''),
	('00000000-0000-0000-0000-000000000000', '18ee7647-274d-4008-ae62-fd6d4ec6b86c', '{"action":"user_signedup","actor_id":"11a46516-9916-4652-a6c0-6c0cfd015aca","actor_username":"playwright-test@example.com","actor_via_sso":false,"log_type":"team","traits":{"provider":"email"}}', '2025-09-24 22:47:13.181581+00', ''),
	('00000000-0000-0000-0000-000000000000', '5b7e65cc-5370-44a9-9468-1ab883a427a1', '{"action":"login","actor_id":"11a46516-9916-4652-a6c0-6c0cfd015aca","actor_username":"playwright-test@example.com","actor_via_sso":false,"log_type":"account","traits":{"provider":"email"}}', '2025-09-24 22:47:13.185899+00', ''),
	('00000000-0000-0000-0000-000000000000', 'd8daa3b5-4137-4db5-b972-3ba00b9fd261', '{"action":"token_refreshed","actor_id":"11a46516-9916-4652-a6c0-6c0cfd015aca","actor_username":"playwright-test@example.com","actor_via_sso":false,"log_type":"token"}', '2025-09-24 23:45:31.252595+00', ''),
	('00000000-0000-0000-0000-000000000000', '5cc78dd6-401c-4ee8-ac4c-2f0124d84a35', '{"action":"token_revoked","actor_id":"11a46516-9916-4652-a6c0-6c0cfd015aca","actor_username":"playwright-test@example.com","actor_via_sso":false,"log_type":"token"}', '2025-09-24 23:45:31.26276+00', ''),
	('00000000-0000-0000-0000-000000000000', '9e75033b-36b4-4d13-94b9-420ae5e8c231', '{"action":"login","actor_id":"cec88bc9-557f-452b-92f1-e093092fecd6","actor_username":"butaeff@gmail.com","actor_via_sso":false,"log_type":"account","traits":{"provider":"email"}}', '2025-09-28 18:21:59.157775+00', ''),
	('00000000-0000-0000-0000-000000000000', '706ab5c1-5e5e-447f-830f-47268f4c5daa', '{"action":"login","actor_id":"cec88bc9-557f-452b-92f1-e093092fecd6","actor_username":"butaeff@gmail.com","actor_via_sso":false,"log_type":"account","traits":{"provider":"email"}}', '2025-09-28 18:55:28.499247+00', ''),
	('00000000-0000-0000-0000-000000000000', 'f7166db9-c380-4862-98bb-8dd099dd9e51', '{"action":"token_refreshed","actor_id":"cec88bc9-557f-452b-92f1-e093092fecd6","actor_username":"butaeff@gmail.com","actor_via_sso":false,"log_type":"token"}', '2025-09-28 20:04:58.510998+00', ''),
	('00000000-0000-0000-0000-000000000000', '10507dac-22af-4f24-bc23-9c50e0ceb403', '{"action":"token_revoked","actor_id":"cec88bc9-557f-452b-92f1-e093092fecd6","actor_username":"butaeff@gmail.com","actor_via_sso":false,"log_type":"token"}', '2025-09-28 20:04:58.515685+00', ''),
	('00000000-0000-0000-0000-000000000000', 'f2001f1c-d368-4584-b4bc-a9595385946f', '{"action":"token_refreshed","actor_id":"cec88bc9-557f-452b-92f1-e093092fecd6","actor_username":"butaeff@gmail.com","actor_via_sso":false,"log_type":"token"}', '2025-09-28 20:05:00.652578+00', ''),
	('00000000-0000-0000-0000-000000000000', 'd0b8323b-f8d3-47f3-a762-f28bda40b6d4', '{"action":"token_refreshed","actor_id":"cec88bc9-557f-452b-92f1-e093092fecd6","actor_username":"butaeff@gmail.com","actor_via_sso":false,"log_type":"token"}', '2025-09-29 09:32:38.327591+00', ''),
	('00000000-0000-0000-0000-000000000000', '524e4f8f-5a86-4a17-baa3-3c77ab16c4e0', '{"action":"token_revoked","actor_id":"cec88bc9-557f-452b-92f1-e093092fecd6","actor_username":"butaeff@gmail.com","actor_via_sso":false,"log_type":"token"}', '2025-09-29 09:32:38.35329+00', ''),
	('00000000-0000-0000-0000-000000000000', '62041d7e-19e3-4b69-b66b-35ec6353bcd8', '{"action":"token_refreshed","actor_id":"cec88bc9-557f-452b-92f1-e093092fecd6","actor_username":"butaeff@gmail.com","actor_via_sso":false,"log_type":"token"}', '2025-09-29 12:58:56.340583+00', ''),
	('00000000-0000-0000-0000-000000000000', '0e268e90-0a9d-4809-8b91-d6fd552cbb36', '{"action":"token_revoked","actor_id":"cec88bc9-557f-452b-92f1-e093092fecd6","actor_username":"butaeff@gmail.com","actor_via_sso":false,"log_type":"token"}', '2025-09-29 12:58:56.347243+00', ''),
	('00000000-0000-0000-0000-000000000000', 'ad7a27ad-2537-401d-b628-bfbd0b6a4fe7', '{"action":"login","actor_id":"cec88bc9-557f-452b-92f1-e093092fecd6","actor_username":"butaeff@gmail.com","actor_via_sso":false,"log_type":"account","traits":{"provider":"email"}}', '2025-10-01 08:17:08.977435+00', ''),
	('00000000-0000-0000-0000-000000000000', '0cadce7f-49a8-42f1-8b1e-974b626a7448', '{"action":"token_refreshed","actor_id":"cec88bc9-557f-452b-92f1-e093092fecd6","actor_username":"butaeff@gmail.com","actor_via_sso":false,"log_type":"token"}', '2025-10-01 11:02:19.489135+00', ''),
	('00000000-0000-0000-0000-000000000000', '548d1d24-9dfd-4a27-a0c8-e7ec5ffcffd3', '{"action":"token_revoked","actor_id":"cec88bc9-557f-452b-92f1-e093092fecd6","actor_username":"butaeff@gmail.com","actor_via_sso":false,"log_type":"token"}', '2025-10-01 11:02:19.495348+00', ''),
	('00000000-0000-0000-0000-000000000000', '866842aa-c0c1-443e-ad85-da9d8b8c7cd9', '{"action":"token_refreshed","actor_id":"cec88bc9-557f-452b-92f1-e093092fecd6","actor_username":"butaeff@gmail.com","actor_via_sso":false,"log_type":"token"}', '2025-10-01 11:02:20.885852+00', ''),
	('00000000-0000-0000-0000-000000000000', 'b0dc2388-b3ac-4897-9739-e9149e05b944', '{"action":"token_refreshed","actor_id":"cec88bc9-557f-452b-92f1-e093092fecd6","actor_username":"butaeff@gmail.com","actor_via_sso":false,"log_type":"token"}', '2025-10-01 17:40:57.850119+00', ''),
	('00000000-0000-0000-0000-000000000000', '76d31deb-2141-47c5-88da-f77e4b514f47', '{"action":"token_revoked","actor_id":"cec88bc9-557f-452b-92f1-e093092fecd6","actor_username":"butaeff@gmail.com","actor_via_sso":false,"log_type":"token"}', '2025-10-01 17:40:57.875059+00', ''),
	('00000000-0000-0000-0000-000000000000', '610d5fb9-2551-448d-b6b6-71ddfb6749d1', '{"action":"token_refreshed","actor_id":"cec88bc9-557f-452b-92f1-e093092fecd6","actor_username":"butaeff@gmail.com","actor_via_sso":false,"log_type":"token"}', '2025-10-01 17:41:01.79889+00', ''),
	('00000000-0000-0000-0000-000000000000', '2123a526-084c-4738-a201-a567e12981ab', '{"action":"login","actor_id":"cec88bc9-557f-452b-92f1-e093092fecd6","actor_username":"butaeff@gmail.com","actor_via_sso":false,"log_type":"account","traits":{"provider":"email"}}', '2025-10-01 17:41:15.631902+00', ''),
	('00000000-0000-0000-0000-000000000000', '15fac5fb-3ae1-4a6c-a7d1-3d6df46cbba4', '{"action":"token_refreshed","actor_id":"cec88bc9-557f-452b-92f1-e093092fecd6","actor_username":"butaeff@gmail.com","actor_via_sso":false,"log_type":"token"}', '2025-10-01 18:45:20.403277+00', ''),
	('00000000-0000-0000-0000-000000000000', 'ff00c9c2-379a-4b89-9b54-22365985f4fa', '{"action":"token_revoked","actor_id":"cec88bc9-557f-452b-92f1-e093092fecd6","actor_username":"butaeff@gmail.com","actor_via_sso":false,"log_type":"token"}', '2025-10-01 18:45:20.408362+00', ''),
	('00000000-0000-0000-0000-000000000000', 'cea42db2-647f-4dca-841c-9505daf4b4bc', '{"action":"user_signedup","actor_id":"00000000-0000-0000-0000-000000000000","actor_username":"service_role","actor_via_sso":false,"log_type":"team","traits":{"user_email":"mao@orangecat.ch","user_id":"db020079-14f8-4362-91d2-48a7499f2ec6","user_phone":""}}', '2025-10-01 19:22:53.192955+00', ''),
	('00000000-0000-0000-0000-000000000000', '6454aa1c-6046-4cc3-b988-0409bc2140a4', '{"action":"login","actor_id":"cec88bc9-557f-452b-92f1-e093092fecd6","actor_username":"butaeff@gmail.com","actor_via_sso":false,"log_type":"account","traits":{"provider":"email"}}', '2025-10-01 19:35:39.719856+00', ''),
	('00000000-0000-0000-0000-000000000000', '6b6d93d3-47c2-483b-862a-745ad392d89f', '{"action":"token_refreshed","actor_id":"cec88bc9-557f-452b-92f1-e093092fecd6","actor_username":"butaeff@gmail.com","actor_via_sso":false,"log_type":"token"}', '2025-10-01 20:37:16.102538+00', ''),
	('00000000-0000-0000-0000-000000000000', 'e30f2cac-7b7f-4329-8868-a2399e27168d', '{"action":"token_revoked","actor_id":"cec88bc9-557f-452b-92f1-e093092fecd6","actor_username":"butaeff@gmail.com","actor_via_sso":false,"log_type":"token"}', '2025-10-01 20:37:16.106473+00', ''),
	('00000000-0000-0000-0000-000000000000', '8e9bcc77-7336-4991-9066-7b382116d0f2', '{"action":"token_refreshed","actor_id":"cec88bc9-557f-452b-92f1-e093092fecd6","actor_username":"butaeff@gmail.com","actor_via_sso":false,"log_type":"token"}', '2025-10-01 20:37:16.137041+00', ''),
	('00000000-0000-0000-0000-000000000000', 'b2b8d932-5ab3-45ea-81b2-1a4cfb31815e', '{"action":"token_refreshed","actor_id":"cec88bc9-557f-452b-92f1-e093092fecd6","actor_username":"butaeff@gmail.com","actor_via_sso":false,"log_type":"token"}', '2025-10-01 20:37:16.24932+00', ''),
	('00000000-0000-0000-0000-000000000000', 'fddcbd43-b9d0-457c-8ee0-c5edfbe4ae18', '{"action":"token_refreshed","actor_id":"cec88bc9-557f-452b-92f1-e093092fecd6","actor_username":"butaeff@gmail.com","actor_via_sso":false,"log_type":"token"}', '2025-10-01 20:58:54.500073+00', ''),
	('00000000-0000-0000-0000-000000000000', '66a1e474-eabe-4f2c-84e8-d9ce44d8c4ce', '{"action":"token_refreshed","actor_id":"cec88bc9-557f-452b-92f1-e093092fecd6","actor_username":"butaeff@gmail.com","actor_via_sso":false,"log_type":"token"}', '2025-10-01 20:58:57.719715+00', ''),
	('00000000-0000-0000-0000-000000000000', '3b357697-2bdf-4b2b-a2fe-3a2ffef42fab', '{"action":"token_refreshed","actor_id":"cec88bc9-557f-452b-92f1-e093092fecd6","actor_username":"butaeff@gmail.com","actor_via_sso":false,"log_type":"token"}', '2025-10-03 10:14:11.273599+00', ''),
	('00000000-0000-0000-0000-000000000000', 'cb92775c-75a3-4650-9cff-4a57820f6bc0', '{"action":"token_revoked","actor_id":"cec88bc9-557f-452b-92f1-e093092fecd6","actor_username":"butaeff@gmail.com","actor_via_sso":false,"log_type":"token"}', '2025-10-03 10:14:11.303421+00', ''),
	('00000000-0000-0000-0000-000000000000', '58552f54-a0ec-4ae3-83ad-2121911674d5', '{"action":"token_refreshed","actor_id":"cec88bc9-557f-452b-92f1-e093092fecd6","actor_username":"butaeff@gmail.com","actor_via_sso":false,"log_type":"token"}', '2025-10-03 10:14:42.976983+00', ''),
	('00000000-0000-0000-0000-000000000000', '0cdaa2a2-2a51-4051-be2b-4f21066bc04f', '{"action":"token_refreshed","actor_id":"cec88bc9-557f-452b-92f1-e093092fecd6","actor_username":"butaeff@gmail.com","actor_via_sso":false,"log_type":"token"}', '2025-10-03 10:16:00.53094+00', ''),
	('00000000-0000-0000-0000-000000000000', '6b52862a-af82-447e-9280-0f7d634d5d8c', '{"action":"token_refreshed","actor_id":"cec88bc9-557f-452b-92f1-e093092fecd6","actor_username":"butaeff@gmail.com","actor_via_sso":false,"log_type":"token"}', '2025-10-03 10:19:59.900192+00', ''),
	('00000000-0000-0000-0000-000000000000', 'fd9200d5-b0e7-465c-b373-fd63520e72b9', '{"action":"token_refreshed","actor_id":"cec88bc9-557f-452b-92f1-e093092fecd6","actor_username":"butaeff@gmail.com","actor_via_sso":false,"log_type":"token"}', '2025-10-04 02:17:27.367158+00', ''),
	('00000000-0000-0000-0000-000000000000', '9dc23b95-247a-444f-abc4-6d77d980b0ad', '{"action":"token_revoked","actor_id":"cec88bc9-557f-452b-92f1-e093092fecd6","actor_username":"butaeff@gmail.com","actor_via_sso":false,"log_type":"token"}', '2025-10-04 02:17:27.38803+00', ''),
	('00000000-0000-0000-0000-000000000000', '4f9cca4b-f4fd-499b-b90a-259fe1930228', '{"action":"token_refreshed","actor_id":"cec88bc9-557f-452b-92f1-e093092fecd6","actor_username":"butaeff@gmail.com","actor_via_sso":false,"log_type":"token"}', '2025-10-04 02:17:27.46317+00', ''),
	('00000000-0000-0000-0000-000000000000', '7df8c08f-96c2-40c5-baf4-ea2660492d6f', '{"action":"token_refreshed","actor_id":"cec88bc9-557f-452b-92f1-e093092fecd6","actor_username":"butaeff@gmail.com","actor_via_sso":false,"log_type":"token"}', '2025-10-04 02:17:28.405109+00', ''),
	('00000000-0000-0000-0000-000000000000', 'b5cd5ad0-0eba-4357-8b77-1a28c5ecfccb', '{"action":"token_refreshed","actor_id":"cec88bc9-557f-452b-92f1-e093092fecd6","actor_username":"butaeff@gmail.com","actor_via_sso":false,"log_type":"token"}', '2025-10-04 08:59:06.555247+00', ''),
	('00000000-0000-0000-0000-000000000000', '6abc4109-2c8b-4fcd-892c-33550ccc1c8b', '{"action":"token_revoked","actor_id":"cec88bc9-557f-452b-92f1-e093092fecd6","actor_username":"butaeff@gmail.com","actor_via_sso":false,"log_type":"token"}', '2025-10-04 08:59:06.568304+00', ''),
	('00000000-0000-0000-0000-000000000000', 'bc2b2636-1613-4895-b436-52df3ae72b08', '{"action":"token_refreshed","actor_id":"cec88bc9-557f-452b-92f1-e093092fecd6","actor_username":"butaeff@gmail.com","actor_via_sso":false,"log_type":"token"}', '2025-10-04 08:59:07.84818+00', ''),
	('00000000-0000-0000-0000-000000000000', '38853e66-9cdd-454a-a707-506799f810e2', '{"action":"token_refreshed","actor_id":"cec88bc9-557f-452b-92f1-e093092fecd6","actor_username":"butaeff@gmail.com","actor_via_sso":false,"log_type":"token"}', '2025-10-04 10:07:57.1033+00', ''),
	('00000000-0000-0000-0000-000000000000', '7d2c53ab-c76f-4254-b55f-d08667582f05', '{"action":"token_revoked","actor_id":"cec88bc9-557f-452b-92f1-e093092fecd6","actor_username":"butaeff@gmail.com","actor_via_sso":false,"log_type":"token"}', '2025-10-04 10:07:57.106424+00', ''),
	('00000000-0000-0000-0000-000000000000', '869b58d1-de79-4217-8e45-5fa21d64ec1b', '{"action":"token_refreshed","actor_id":"cec88bc9-557f-452b-92f1-e093092fecd6","actor_username":"butaeff@gmail.com","actor_via_sso":false,"log_type":"token"}', '2025-10-04 10:07:58.71148+00', ''),
	('00000000-0000-0000-0000-000000000000', 'ec7eef67-b44c-4274-97f4-b219fb20b14d', '{"action":"token_refreshed","actor_id":"cec88bc9-557f-452b-92f1-e093092fecd6","actor_username":"butaeff@gmail.com","actor_via_sso":false,"log_type":"token"}', '2025-10-07 08:40:13.205655+00', ''),
	('00000000-0000-0000-0000-000000000000', '1ccc156e-7412-4db5-9aef-f2eaf37ff32c', '{"action":"token_revoked","actor_id":"cec88bc9-557f-452b-92f1-e093092fecd6","actor_username":"butaeff@gmail.com","actor_via_sso":false,"log_type":"token"}', '2025-10-07 08:40:13.228435+00', ''),
	('00000000-0000-0000-0000-000000000000', '1443c54a-e230-45e9-ab50-3b725b275c56', '{"action":"token_refreshed","actor_id":"cec88bc9-557f-452b-92f1-e093092fecd6","actor_username":"butaeff@gmail.com","actor_via_sso":false,"log_type":"token"}', '2025-10-07 08:40:14.026501+00', ''),
	('00000000-0000-0000-0000-000000000000', 'bd401ca4-0ea6-4972-a7ba-f00c220c194b', '{"action":"token_refreshed","actor_id":"cec88bc9-557f-452b-92f1-e093092fecd6","actor_username":"butaeff@gmail.com","actor_via_sso":false,"log_type":"token"}', '2025-10-07 08:40:14.064983+00', ''),
	('00000000-0000-0000-0000-000000000000', '3af1badb-48b9-4b22-922d-ecafd4ecb02c', '{"action":"token_refreshed","actor_id":"cec88bc9-557f-452b-92f1-e093092fecd6","actor_username":"butaeff@gmail.com","actor_via_sso":false,"log_type":"token"}', '2025-10-07 08:40:14.235076+00', ''),
	('00000000-0000-0000-0000-000000000000', '4f2f007a-49e4-4784-96af-172271152c1f', '{"action":"token_refreshed","actor_id":"cec88bc9-557f-452b-92f1-e093092fecd6","actor_username":"butaeff@gmail.com","actor_via_sso":false,"log_type":"token"}', '2025-10-07 08:40:14.253809+00', ''),
	('00000000-0000-0000-0000-000000000000', '42462808-39eb-4cb4-8206-d5e5c5f7fd44', '{"action":"token_refreshed","actor_id":"cec88bc9-557f-452b-92f1-e093092fecd6","actor_username":"butaeff@gmail.com","actor_via_sso":false,"log_type":"token"}', '2025-10-07 08:40:14.262584+00', ''),
	('00000000-0000-0000-0000-000000000000', '56753fc1-8742-4392-bbc6-0dab5ec6ac25', '{"action":"token_refreshed","actor_id":"cec88bc9-557f-452b-92f1-e093092fecd6","actor_username":"butaeff@gmail.com","actor_via_sso":false,"log_type":"token"}', '2025-10-07 08:40:14.369485+00', ''),
	('00000000-0000-0000-0000-000000000000', '53cca0e9-0577-4ab7-8e1e-35b079b856cc', '{"action":"token_refreshed","actor_id":"cec88bc9-557f-452b-92f1-e093092fecd6","actor_username":"butaeff@gmail.com","actor_via_sso":false,"log_type":"token"}', '2025-10-11 18:11:12.502679+00', ''),
	('00000000-0000-0000-0000-000000000000', '810ec999-5fd4-4508-b768-12a726ed0536', '{"action":"token_revoked","actor_id":"cec88bc9-557f-452b-92f1-e093092fecd6","actor_username":"butaeff@gmail.com","actor_via_sso":false,"log_type":"token"}', '2025-10-11 18:11:12.517426+00', ''),
	('00000000-0000-0000-0000-000000000000', 'adc9a497-f76a-4143-8b7b-c88e7087b09e', '{"action":"token_refreshed","actor_id":"cec88bc9-557f-452b-92f1-e093092fecd6","actor_username":"butaeff@gmail.com","actor_via_sso":false,"log_type":"token"}', '2025-10-11 18:11:13.604193+00', ''),
	('00000000-0000-0000-0000-000000000000', 'd5e88687-a215-40ff-92b8-07e29333ff77', '{"action":"token_refreshed","actor_id":"cec88bc9-557f-452b-92f1-e093092fecd6","actor_username":"butaeff@gmail.com","actor_via_sso":false,"log_type":"token"}', '2025-10-11 18:11:13.63629+00', ''),
	('00000000-0000-0000-0000-000000000000', 'd46da163-5e87-42e8-b260-e18bf19a1792', '{"action":"token_refreshed","actor_id":"cec88bc9-557f-452b-92f1-e093092fecd6","actor_username":"butaeff@gmail.com","actor_via_sso":false,"log_type":"token"}', '2025-10-12 00:06:39.561475+00', ''),
	('00000000-0000-0000-0000-000000000000', 'c697c01e-b1db-4536-b7e9-24ee76e0d7c7', '{"action":"token_revoked","actor_id":"cec88bc9-557f-452b-92f1-e093092fecd6","actor_username":"butaeff@gmail.com","actor_via_sso":false,"log_type":"token"}', '2025-10-12 00:06:39.583938+00', ''),
	('00000000-0000-0000-0000-000000000000', '32f511a2-993c-4a4d-9896-844b1d741304', '{"action":"token_refreshed","actor_id":"cec88bc9-557f-452b-92f1-e093092fecd6","actor_username":"butaeff@gmail.com","actor_via_sso":false,"log_type":"token"}', '2025-10-12 00:06:40.696539+00', ''),
	('00000000-0000-0000-0000-000000000000', '1ae39e57-d8d1-4883-a8fb-2b389843805c', '{"action":"token_refreshed","actor_id":"cec88bc9-557f-452b-92f1-e093092fecd6","actor_username":"butaeff@gmail.com","actor_via_sso":false,"log_type":"token"}', '2025-10-12 01:26:45.006438+00', ''),
	('00000000-0000-0000-0000-000000000000', '44f7ca8a-37c4-4837-9afc-fe2b46bcb267', '{"action":"token_revoked","actor_id":"cec88bc9-557f-452b-92f1-e093092fecd6","actor_username":"butaeff@gmail.com","actor_via_sso":false,"log_type":"token"}', '2025-10-12 01:26:45.009543+00', ''),
	('00000000-0000-0000-0000-000000000000', 'ce51474b-adc6-496d-b037-235203f0ce33', '{"action":"token_refreshed","actor_id":"cec88bc9-557f-452b-92f1-e093092fecd6","actor_username":"butaeff@gmail.com","actor_via_sso":false,"log_type":"token"}', '2025-10-12 01:26:46.164425+00', ''),
	('00000000-0000-0000-0000-000000000000', 'ac31a5b8-03a1-4a5d-a113-b59de37b925e', '{"action":"login","actor_id":"cec88bc9-557f-452b-92f1-e093092fecd6","actor_username":"butaeff@gmail.com","actor_via_sso":false,"log_type":"account","traits":{"provider":"email"}}', '2025-10-13 05:37:00.992323+00', ''),
	('00000000-0000-0000-0000-000000000000', '65e7db40-8784-4200-a5ad-4f789ce91f88', '{"action":"token_refreshed","actor_id":"11a46516-9916-4652-a6c0-6c0cfd015aca","actor_username":"playwright-test@example.com","actor_via_sso":false,"log_type":"token"}', '2025-10-13 05:47:05.906835+00', ''),
	('00000000-0000-0000-0000-000000000000', '0cf2c9e0-c7b2-4e93-82e3-f8b9b2314d2e', '{"action":"token_revoked","actor_id":"11a46516-9916-4652-a6c0-6c0cfd015aca","actor_username":"playwright-test@example.com","actor_via_sso":false,"log_type":"token"}', '2025-10-13 05:47:05.910933+00', ''),
	('00000000-0000-0000-0000-000000000000', 'd3aa8dfd-d1f9-4a82-9d2d-834b6372dda5', '{"action":"token_refreshed","actor_id":"11a46516-9916-4652-a6c0-6c0cfd015aca","actor_username":"playwright-test@example.com","actor_via_sso":false,"log_type":"token"}', '2025-10-13 05:47:14.27217+00', ''),
	('00000000-0000-0000-0000-000000000000', '1c85c1cb-7b3b-45b4-9652-82691eef009f', '{"action":"login","actor_id":"cec88bc9-557f-452b-92f1-e093092fecd6","actor_username":"butaeff@gmail.com","actor_via_sso":false,"log_type":"account","traits":{"provider":"email"}}', '2025-10-13 06:19:48.262097+00', ''),
	('00000000-0000-0000-0000-000000000000', 'bd550b4b-494e-49b3-bd22-1daab7a5f75e', '{"action":"user_signedup","actor_id":"8e87cd2c-30e5-484b-a1a7-689711064091","actor_username":"profiletest@example.com","actor_via_sso":false,"log_type":"team","traits":{"provider":"email"}}', '2025-10-13 06:28:39.75842+00', ''),
	('00000000-0000-0000-0000-000000000000', 'd0e69619-dbaa-4d92-9184-4a06985d214b', '{"action":"login","actor_id":"8e87cd2c-30e5-484b-a1a7-689711064091","actor_username":"profiletest@example.com","actor_via_sso":false,"log_type":"account","traits":{"provider":"email"}}', '2025-10-13 06:28:39.768955+00', ''),
	('00000000-0000-0000-0000-000000000000', '62edf22c-6982-43c0-9cd9-26fe9ef6984d', '{"action":"logout","actor_id":"8e87cd2c-30e5-484b-a1a7-689711064091","actor_username":"profiletest@example.com","actor_via_sso":false,"log_type":"account"}', '2025-10-13 06:28:40.322722+00', ''),
	('00000000-0000-0000-0000-000000000000', '70da6f72-f4bb-4bd6-b4f9-e3f7c6051a3b', '{"action":"login","actor_id":"cec88bc9-557f-452b-92f1-e093092fecd6","actor_username":"butaeff@gmail.com","actor_via_sso":false,"log_type":"account","traits":{"provider":"email"}}', '2025-10-13 06:33:32.44194+00', ''),
	('00000000-0000-0000-0000-000000000000', '757aa665-4db8-426b-8c9b-67dc5795198d', '{"action":"login","actor_id":"cec88bc9-557f-452b-92f1-e093092fecd6","actor_username":"butaeff@gmail.com","actor_via_sso":false,"log_type":"account","traits":{"provider":"email"}}', '2025-10-13 07:44:10.099619+00', ''),
	('00000000-0000-0000-0000-000000000000', '65ad8e85-25b1-472c-a0f9-a86804085c95', '{"action":"token_refreshed","actor_id":"cec88bc9-557f-452b-92f1-e093092fecd6","actor_username":"butaeff@gmail.com","actor_via_sso":false,"log_type":"token"}', '2025-10-13 07:58:09.0607+00', ''),
	('00000000-0000-0000-0000-000000000000', '622a2c05-da01-4c0b-b780-3d2b155caa05', '{"action":"token_revoked","actor_id":"cec88bc9-557f-452b-92f1-e093092fecd6","actor_username":"butaeff@gmail.com","actor_via_sso":false,"log_type":"token"}', '2025-10-13 07:58:09.067748+00', ''),
	('00000000-0000-0000-0000-000000000000', '4c3ac202-bae5-4961-a6a9-90487e24d292', '{"action":"token_refreshed","actor_id":"cec88bc9-557f-452b-92f1-e093092fecd6","actor_username":"butaeff@gmail.com","actor_via_sso":false,"log_type":"token"}', '2025-10-13 07:58:13.809813+00', ''),
	('00000000-0000-0000-0000-000000000000', '93eeffed-492e-4483-aa83-fe78f4530eaa', '{"action":"token_refreshed","actor_id":"11a46516-9916-4652-a6c0-6c0cfd015aca","actor_username":"playwright-test@example.com","actor_via_sso":false,"log_type":"token"}', '2025-10-13 08:02:31.273252+00', ''),
	('00000000-0000-0000-0000-000000000000', 'ec2ad60b-015e-40f0-98e3-6555cb6c53f5', '{"action":"token_revoked","actor_id":"11a46516-9916-4652-a6c0-6c0cfd015aca","actor_username":"playwright-test@example.com","actor_via_sso":false,"log_type":"token"}', '2025-10-13 08:02:31.27498+00', ''),
	('00000000-0000-0000-0000-000000000000', '3adca77a-85e6-4d2f-9a67-eb8cc093ae72', '{"action":"token_refreshed","actor_id":"11a46516-9916-4652-a6c0-6c0cfd015aca","actor_username":"playwright-test@example.com","actor_via_sso":false,"log_type":"token"}', '2025-10-13 08:04:48.016316+00', ''),
	('00000000-0000-0000-0000-000000000000', 'b95c19a0-91d6-49e7-a1ec-9d600c9f618c', '{"action":"token_refreshed","actor_id":"11a46516-9916-4652-a6c0-6c0cfd015aca","actor_username":"playwright-test@example.com","actor_via_sso":false,"log_type":"token"}', '2025-10-13 08:04:53.308235+00', ''),
	('00000000-0000-0000-0000-000000000000', 'e0275bf9-233f-451b-af90-3556ac87f1dd', '{"action":"token_refreshed","actor_id":"11a46516-9916-4652-a6c0-6c0cfd015aca","actor_username":"playwright-test@example.com","actor_via_sso":false,"log_type":"token"}', '2025-10-13 08:05:02.175476+00', ''),
	('00000000-0000-0000-0000-000000000000', '84057548-5bcd-445a-a485-881467124022', '{"action":"token_refreshed","actor_id":"11a46516-9916-4652-a6c0-6c0cfd015aca","actor_username":"playwright-test@example.com","actor_via_sso":false,"log_type":"token"}', '2025-10-13 08:07:00.011703+00', ''),
	('00000000-0000-0000-0000-000000000000', 'a5f7ee63-adfd-4c93-8e5a-c3480b1ae89b', '{"action":"token_refreshed","actor_id":"11a46516-9916-4652-a6c0-6c0cfd015aca","actor_username":"playwright-test@example.com","actor_via_sso":false,"log_type":"token"}', '2025-10-13 08:07:09.545285+00', ''),
	('00000000-0000-0000-0000-000000000000', 'fc1c1968-f380-4b98-af2e-360ffd2453fb', '{"action":"user_signedup","actor_id":"d26e6c11-f832-49b0-b0b6-b05a7879ff23","actor_username":"test@example.com","actor_via_sso":false,"log_type":"team","traits":{"provider":"email"}}', '2025-10-13 08:07:27.866699+00', ''),
	('00000000-0000-0000-0000-000000000000', '6b72d892-d7e9-4dd0-b140-fc8a7301ca65', '{"action":"login","actor_id":"d26e6c11-f832-49b0-b0b6-b05a7879ff23","actor_username":"test@example.com","actor_via_sso":false,"log_type":"account","traits":{"provider":"email"}}', '2025-10-13 08:07:27.876174+00', ''),
	('00000000-0000-0000-0000-000000000000', '1c71a28d-2f33-488d-b120-ecab3d9f32bd', '{"action":"login","actor_id":"cec88bc9-557f-452b-92f1-e093092fecd6","actor_username":"butaeff@gmail.com","actor_via_sso":false,"log_type":"account","traits":{"provider":"email"}}', '2025-10-13 08:08:19.974765+00', ''),
	('00000000-0000-0000-0000-000000000000', '932f8407-b37c-4e84-928e-2a524352e307', '{"action":"login","actor_id":"cec88bc9-557f-452b-92f1-e093092fecd6","actor_username":"butaeff@gmail.com","actor_via_sso":false,"log_type":"account","traits":{"provider":"email"}}', '2025-10-13 08:27:45.42894+00', ''),
	('00000000-0000-0000-0000-000000000000', 'ec5f740b-7c6c-42b0-ba20-4d88cd4fc35b', '{"action":"token_refreshed","actor_id":"cec88bc9-557f-452b-92f1-e093092fecd6","actor_username":"butaeff@gmail.com","actor_via_sso":false,"log_type":"token"}', '2025-10-13 09:27:48.155819+00', ''),
	('00000000-0000-0000-0000-000000000000', '7d45d0b9-7b7e-432a-8950-543df3b3ab9e', '{"action":"token_revoked","actor_id":"cec88bc9-557f-452b-92f1-e093092fecd6","actor_username":"butaeff@gmail.com","actor_via_sso":false,"log_type":"token"}', '2025-10-13 09:27:48.158104+00', ''),
	('00000000-0000-0000-0000-000000000000', '2d9ab52b-d46a-4a9d-b6c2-476812292296', '{"action":"token_refreshed","actor_id":"cec88bc9-557f-452b-92f1-e093092fecd6","actor_username":"butaeff@gmail.com","actor_via_sso":false,"log_type":"token"}', '2025-10-13 10:27:48.040753+00', ''),
	('00000000-0000-0000-0000-000000000000', '6843387c-34c4-4d38-8de3-cb615d0bbbbc', '{"action":"token_revoked","actor_id":"cec88bc9-557f-452b-92f1-e093092fecd6","actor_username":"butaeff@gmail.com","actor_via_sso":false,"log_type":"token"}', '2025-10-13 10:27:48.042363+00', ''),
	('00000000-0000-0000-0000-000000000000', 'e53c9b62-d1d6-40e7-803d-a04501e3f5b7', '{"action":"token_refreshed","actor_id":"cec88bc9-557f-452b-92f1-e093092fecd6","actor_username":"butaeff@gmail.com","actor_via_sso":false,"log_type":"token"}', '2025-10-13 12:51:33.783791+00', ''),
	('00000000-0000-0000-0000-000000000000', 'f0db721c-ea60-43b4-9d83-7871acedbb4b', '{"action":"token_revoked","actor_id":"cec88bc9-557f-452b-92f1-e093092fecd6","actor_username":"butaeff@gmail.com","actor_via_sso":false,"log_type":"token"}', '2025-10-13 12:51:33.788517+00', ''),
	('00000000-0000-0000-0000-000000000000', 'd78f8725-9d12-4557-907c-bb3c2a0b6e0e', '{"action":"token_refreshed","actor_id":"cec88bc9-557f-452b-92f1-e093092fecd6","actor_username":"butaeff@gmail.com","actor_via_sso":false,"log_type":"token"}', '2025-10-13 13:56:33.709512+00', ''),
	('00000000-0000-0000-0000-000000000000', 'ec8d0610-ae5f-4654-9717-bd329fde1a37', '{"action":"token_revoked","actor_id":"cec88bc9-557f-452b-92f1-e093092fecd6","actor_username":"butaeff@gmail.com","actor_via_sso":false,"log_type":"token"}', '2025-10-13 13:56:33.712409+00', ''),
	('00000000-0000-0000-0000-000000000000', 'a2d8ccfb-663c-427f-9a88-fb33007551d4', '{"action":"token_refreshed","actor_id":"cec88bc9-557f-452b-92f1-e093092fecd6","actor_username":"butaeff@gmail.com","actor_via_sso":false,"log_type":"token"}', '2025-10-13 14:55:54.517213+00', ''),
	('00000000-0000-0000-0000-000000000000', 'c4f9c754-6bcc-494f-8433-e40d5fe96324', '{"action":"token_revoked","actor_id":"cec88bc9-557f-452b-92f1-e093092fecd6","actor_username":"butaeff@gmail.com","actor_via_sso":false,"log_type":"token"}', '2025-10-13 14:55:54.523007+00', ''),
	('00000000-0000-0000-0000-000000000000', '70a33329-e887-4c1c-9164-c2e2c9294cf5', '{"action":"token_refreshed","actor_id":"cec88bc9-557f-452b-92f1-e093092fecd6","actor_username":"butaeff@gmail.com","actor_via_sso":false,"log_type":"token"}', '2025-10-13 15:55:54.414574+00', ''),
	('00000000-0000-0000-0000-000000000000', 'd379abf2-9f0d-4337-b38b-51438716f0d7', '{"action":"token_revoked","actor_id":"cec88bc9-557f-452b-92f1-e093092fecd6","actor_username":"butaeff@gmail.com","actor_via_sso":false,"log_type":"token"}', '2025-10-13 15:55:54.416751+00', ''),
	('00000000-0000-0000-0000-000000000000', 'b2dd17f4-8a91-4208-90a1-9b0faa82e447', '{"action":"token_refreshed","actor_id":"cec88bc9-557f-452b-92f1-e093092fecd6","actor_username":"butaeff@gmail.com","actor_via_sso":false,"log_type":"token"}', '2025-10-13 16:55:54.291142+00', ''),
	('00000000-0000-0000-0000-000000000000', '88c5b295-78ec-490d-87ab-4bf6d27aa87b', '{"action":"token_revoked","actor_id":"cec88bc9-557f-452b-92f1-e093092fecd6","actor_username":"butaeff@gmail.com","actor_via_sso":false,"log_type":"token"}', '2025-10-13 16:55:54.29503+00', ''),
	('00000000-0000-0000-0000-000000000000', 'f890a287-5f97-4593-a915-073ffb373253', '{"action":"token_refreshed","actor_id":"cec88bc9-557f-452b-92f1-e093092fecd6","actor_username":"butaeff@gmail.com","actor_via_sso":false,"log_type":"token"}', '2025-10-13 21:08:04.3056+00', ''),
	('00000000-0000-0000-0000-000000000000', '683f6423-835c-4671-b10f-46b26435f9b3', '{"action":"token_revoked","actor_id":"cec88bc9-557f-452b-92f1-e093092fecd6","actor_username":"butaeff@gmail.com","actor_via_sso":false,"log_type":"token"}', '2025-10-13 21:08:04.317206+00', ''),
	('00000000-0000-0000-0000-000000000000', '7c306871-dde0-49d0-a452-9aea02e10713', '{"action":"token_refreshed","actor_id":"cec88bc9-557f-452b-92f1-e093092fecd6","actor_username":"butaeff@gmail.com","actor_via_sso":false,"log_type":"token"}', '2025-10-13 21:08:08.949182+00', ''),
	('00000000-0000-0000-0000-000000000000', '04d6f5ce-a262-43a2-ba9f-e393a55185d6', '{"action":"login","actor_id":"cec88bc9-557f-452b-92f1-e093092fecd6","actor_username":"butaeff@gmail.com","actor_via_sso":false,"log_type":"account","traits":{"provider":"email"}}', '2025-10-13 21:08:35.55786+00', ''),
	('00000000-0000-0000-0000-000000000000', 'ec5dbf61-ee4d-45a0-9f37-10fa6a629fa4', '{"action":"login","actor_id":"cec88bc9-557f-452b-92f1-e093092fecd6","actor_username":"butaeff@gmail.com","actor_via_sso":false,"log_type":"account","traits":{"provider":"email"}}', '2025-10-13 21:50:04.362641+00', ''),
	('00000000-0000-0000-0000-000000000000', 'd3f65e8d-293b-4083-9e8c-9c42932fe99c', '{"action":"token_refreshed","actor_id":"cec88bc9-557f-452b-92f1-e093092fecd6","actor_username":"butaeff@gmail.com","actor_via_sso":false,"log_type":"token"}', '2025-10-14 05:22:37.029508+00', ''),
	('00000000-0000-0000-0000-000000000000', 'b8789878-87e3-4013-8d4c-da20216833af', '{"action":"token_revoked","actor_id":"cec88bc9-557f-452b-92f1-e093092fecd6","actor_username":"butaeff@gmail.com","actor_via_sso":false,"log_type":"token"}', '2025-10-14 05:22:37.048694+00', ''),
	('00000000-0000-0000-0000-000000000000', '508b4935-10c7-495f-8802-1eaf75e7499b', '{"action":"token_refreshed","actor_id":"cec88bc9-557f-452b-92f1-e093092fecd6","actor_username":"butaeff@gmail.com","actor_via_sso":false,"log_type":"token"}', '2025-10-14 06:20:43.362582+00', ''),
	('00000000-0000-0000-0000-000000000000', 'd91ce749-9f0f-46e5-9b63-86337df03df0', '{"action":"token_revoked","actor_id":"cec88bc9-557f-452b-92f1-e093092fecd6","actor_username":"butaeff@gmail.com","actor_via_sso":false,"log_type":"token"}', '2025-10-14 06:20:43.374183+00', ''),
	('00000000-0000-0000-0000-000000000000', 'fb766152-6bf2-4d98-899b-70eddc704ef9', '{"action":"token_refreshed","actor_id":"cec88bc9-557f-452b-92f1-e093092fecd6","actor_username":"butaeff@gmail.com","actor_via_sso":false,"log_type":"token"}', '2025-10-14 07:18:53.727724+00', ''),
	('00000000-0000-0000-0000-000000000000', 'ce1f6ff3-064d-48fc-8b89-cb0587106083', '{"action":"token_revoked","actor_id":"cec88bc9-557f-452b-92f1-e093092fecd6","actor_username":"butaeff@gmail.com","actor_via_sso":false,"log_type":"token"}', '2025-10-14 07:18:53.739887+00', ''),
	('00000000-0000-0000-0000-000000000000', '65cadda4-ad1b-4f75-9478-e7a57ea9dc03', '{"action":"token_refreshed","actor_id":"cec88bc9-557f-452b-92f1-e093092fecd6","actor_username":"butaeff@gmail.com","actor_via_sso":false,"log_type":"token"}', '2025-10-15 15:35:49.650252+00', ''),
	('00000000-0000-0000-0000-000000000000', '955ae67c-6c93-4657-948a-365d4655bc0a', '{"action":"token_revoked","actor_id":"cec88bc9-557f-452b-92f1-e093092fecd6","actor_username":"butaeff@gmail.com","actor_via_sso":false,"log_type":"token"}', '2025-10-15 15:35:49.676507+00', ''),
	('00000000-0000-0000-0000-000000000000', 'b1589cd9-17c6-413f-b253-4aeba006bf3a', '{"action":"token_refreshed","actor_id":"cec88bc9-557f-452b-92f1-e093092fecd6","actor_username":"butaeff@gmail.com","actor_via_sso":false,"log_type":"token"}', '2025-10-15 16:38:45.778934+00', ''),
	('00000000-0000-0000-0000-000000000000', 'ff779011-5ccc-40be-ab24-118b08036d90', '{"action":"token_revoked","actor_id":"cec88bc9-557f-452b-92f1-e093092fecd6","actor_username":"butaeff@gmail.com","actor_via_sso":false,"log_type":"token"}', '2025-10-15 16:38:45.800712+00', ''),
	('00000000-0000-0000-0000-000000000000', '56edba33-0c60-4e67-8731-870001cd2496', '{"action":"token_refreshed","actor_id":"cec88bc9-557f-452b-92f1-e093092fecd6","actor_username":"butaeff@gmail.com","actor_via_sso":false,"log_type":"token"}', '2025-10-15 17:38:45.492604+00', ''),
	('00000000-0000-0000-0000-000000000000', '29e030a1-117b-41c9-86ee-5f41a753920d', '{"action":"token_revoked","actor_id":"cec88bc9-557f-452b-92f1-e093092fecd6","actor_username":"butaeff@gmail.com","actor_via_sso":false,"log_type":"token"}', '2025-10-15 17:38:45.513577+00', ''),
	('00000000-0000-0000-0000-000000000000', '3e9e6aa2-2839-4c78-b6ce-cb8df1bca5ad', '{"action":"token_refreshed","actor_id":"cec88bc9-557f-452b-92f1-e093092fecd6","actor_username":"butaeff@gmail.com","actor_via_sso":false,"log_type":"token"}', '2025-10-15 18:38:45.606307+00', ''),
	('00000000-0000-0000-0000-000000000000', '8010e3ef-fc04-48c8-a371-54814a0b35cd', '{"action":"token_revoked","actor_id":"cec88bc9-557f-452b-92f1-e093092fecd6","actor_username":"butaeff@gmail.com","actor_via_sso":false,"log_type":"token"}', '2025-10-15 18:38:45.622013+00', ''),
	('00000000-0000-0000-0000-000000000000', '16539bb3-85c7-4b3b-af1c-77cc192a8656', '{"action":"token_refreshed","actor_id":"cec88bc9-557f-452b-92f1-e093092fecd6","actor_username":"butaeff@gmail.com","actor_via_sso":false,"log_type":"token"}', '2025-10-15 19:38:45.519376+00', ''),
	('00000000-0000-0000-0000-000000000000', 'a2d5d07d-4fde-4979-ae49-61d9296d92b5', '{"action":"token_revoked","actor_id":"cec88bc9-557f-452b-92f1-e093092fecd6","actor_username":"butaeff@gmail.com","actor_via_sso":false,"log_type":"token"}', '2025-10-15 19:38:45.536088+00', ''),
	('00000000-0000-0000-0000-000000000000', '59ad13f8-4495-42f1-a344-a7eb9b7e5730', '{"action":"token_refreshed","actor_id":"cec88bc9-557f-452b-92f1-e093092fecd6","actor_username":"butaeff@gmail.com","actor_via_sso":false,"log_type":"token"}', '2025-10-15 20:38:45.569177+00', ''),
	('00000000-0000-0000-0000-000000000000', '0dcddac9-9023-4bab-b63f-d0307de03519', '{"action":"token_revoked","actor_id":"cec88bc9-557f-452b-92f1-e093092fecd6","actor_username":"butaeff@gmail.com","actor_via_sso":false,"log_type":"token"}', '2025-10-15 20:38:45.59364+00', ''),
	('00000000-0000-0000-0000-000000000000', '314c0420-e37c-4f86-9d4b-1b94d8d546ec', '{"action":"login","actor_id":"cec88bc9-557f-452b-92f1-e093092fecd6","actor_username":"butaeff@gmail.com","actor_via_sso":false,"log_type":"account","traits":{"provider":"email"}}', '2025-10-15 21:26:07.610562+00', ''),
	('00000000-0000-0000-0000-000000000000', '17e948a5-d1d6-4eff-ad18-3bad1c39c3ea', '{"action":"login","actor_id":"cec88bc9-557f-452b-92f1-e093092fecd6","actor_username":"butaeff@gmail.com","actor_via_sso":false,"log_type":"account","traits":{"provider":"email"}}', '2025-10-15 22:14:08.374237+00', ''),
	('00000000-0000-0000-0000-000000000000', '1888111a-9988-4ded-96e2-cf26ab153e05', '{"action":"login","actor_id":"cec88bc9-557f-452b-92f1-e093092fecd6","actor_username":"butaeff@gmail.com","actor_via_sso":false,"log_type":"account","traits":{"provider":"email"}}', '2025-10-15 22:43:14.112506+00', ''),
	('00000000-0000-0000-0000-000000000000', '73e4b200-818a-4318-80e9-cfebf10c6299', '{"action":"login","actor_id":"cec88bc9-557f-452b-92f1-e093092fecd6","actor_username":"butaeff@gmail.com","actor_via_sso":false,"log_type":"account","traits":{"provider":"email"}}', '2025-10-15 22:59:41.921327+00', ''),
	('00000000-0000-0000-0000-000000000000', '2e623b31-304d-443d-9c55-a45f7439417d', '{"action":"token_refreshed","actor_id":"cec88bc9-557f-452b-92f1-e093092fecd6","actor_username":"butaeff@gmail.com","actor_via_sso":false,"log_type":"token"}', '2025-10-16 21:13:05.323242+00', ''),
	('00000000-0000-0000-0000-000000000000', 'd02582b3-a27d-48b9-a7bf-09bacf80199f', '{"action":"token_revoked","actor_id":"cec88bc9-557f-452b-92f1-e093092fecd6","actor_username":"butaeff@gmail.com","actor_via_sso":false,"log_type":"token"}', '2025-10-16 21:13:05.349758+00', ''),
	('00000000-0000-0000-0000-000000000000', '68dc1333-3c80-4d18-8a2e-e95b7fc823f7', '{"action":"token_refreshed","actor_id":"cec88bc9-557f-452b-92f1-e093092fecd6","actor_username":"butaeff@gmail.com","actor_via_sso":false,"log_type":"token"}', '2025-10-16 21:13:06.474289+00', ''),
	('00000000-0000-0000-0000-000000000000', 'ea9068dc-5c01-4aad-b0cc-b8196fb0479a', '{"action":"token_refreshed","actor_id":"cec88bc9-557f-452b-92f1-e093092fecd6","actor_username":"butaeff@gmail.com","actor_via_sso":false,"log_type":"token"}', '2025-10-16 21:13:06.624256+00', ''),
	('00000000-0000-0000-0000-000000000000', '7b1b5902-17d6-4233-8cce-6481d52275ee', '{"action":"token_refreshed","actor_id":"cec88bc9-557f-452b-92f1-e093092fecd6","actor_username":"butaeff@gmail.com","actor_via_sso":false,"log_type":"token"}', '2025-10-16 21:13:06.737223+00', ''),
	('00000000-0000-0000-0000-000000000000', 'd07843b6-8912-4c7a-931c-7a2d669762c6', '{"action":"token_refreshed","actor_id":"cec88bc9-557f-452b-92f1-e093092fecd6","actor_username":"butaeff@gmail.com","actor_via_sso":false,"log_type":"token"}', '2025-10-16 21:13:06.814389+00', ''),
	('00000000-0000-0000-0000-000000000000', 'd68f9a3c-93b7-4c91-a7ae-e3b87c8ffde9', '{"action":"token_refreshed","actor_id":"cec88bc9-557f-452b-92f1-e093092fecd6","actor_username":"butaeff@gmail.com","actor_via_sso":false,"log_type":"token"}', '2025-10-16 21:13:06.863834+00', ''),
	('00000000-0000-0000-0000-000000000000', '7079ae01-ac01-478c-b8da-ec74f05d3616', '{"action":"token_refreshed","actor_id":"cec88bc9-557f-452b-92f1-e093092fecd6","actor_username":"butaeff@gmail.com","actor_via_sso":false,"log_type":"token"}', '2025-10-16 22:34:04.356771+00', ''),
	('00000000-0000-0000-0000-000000000000', '2fe55fd9-f9bb-44d8-a3af-0ee752a8ceec', '{"action":"token_revoked","actor_id":"cec88bc9-557f-452b-92f1-e093092fecd6","actor_username":"butaeff@gmail.com","actor_via_sso":false,"log_type":"token"}', '2025-10-16 22:34:04.371408+00', ''),
	('00000000-0000-0000-0000-000000000000', '2da3d460-770f-4d0e-8253-9130de5ab6d6', '{"action":"token_refreshed","actor_id":"cec88bc9-557f-452b-92f1-e093092fecd6","actor_username":"butaeff@gmail.com","actor_via_sso":false,"log_type":"token"}', '2025-10-16 22:34:04.435772+00', ''),
	('00000000-0000-0000-0000-000000000000', 'cf05ba93-d978-4ba6-8d93-56e67ad10015', '{"action":"token_refreshed","actor_id":"cec88bc9-557f-452b-92f1-e093092fecd6","actor_username":"butaeff@gmail.com","actor_via_sso":false,"log_type":"token"}', '2025-10-17 10:10:39.09423+00', ''),
	('00000000-0000-0000-0000-000000000000', 'b3973bff-2b46-4d79-90d9-10b1acec7d3d', '{"action":"token_revoked","actor_id":"cec88bc9-557f-452b-92f1-e093092fecd6","actor_username":"butaeff@gmail.com","actor_via_sso":false,"log_type":"token"}', '2025-10-17 10:10:39.115033+00', ''),
	('00000000-0000-0000-0000-000000000000', '39c59ce0-7339-48a1-9873-f7973e2d8213', '{"action":"token_refreshed","actor_id":"cec88bc9-557f-452b-92f1-e093092fecd6","actor_username":"butaeff@gmail.com","actor_via_sso":false,"log_type":"token"}', '2025-10-17 10:10:42.260021+00', ''),
	('00000000-0000-0000-0000-000000000000', 'aada3436-1131-4523-8448-893488b1b610', '{"action":"login","actor_id":"cec88bc9-557f-452b-92f1-e093092fecd6","actor_username":"butaeff@gmail.com","actor_via_sso":false,"log_type":"account","traits":{"provider":"email"}}', '2025-10-17 10:12:22.632462+00', ''),
	('00000000-0000-0000-0000-000000000000', '55558a51-ead0-4de5-b462-8e6d06df872c', '{"action":"token_refreshed","actor_id":"cec88bc9-557f-452b-92f1-e093092fecd6","actor_username":"butaeff@gmail.com","actor_via_sso":false,"log_type":"token"}', '2025-10-17 11:10:43.030054+00', ''),
	('00000000-0000-0000-0000-000000000000', 'c51f59e6-7452-405d-bee2-38534ae1a6f3', '{"action":"token_revoked","actor_id":"cec88bc9-557f-452b-92f1-e093092fecd6","actor_username":"butaeff@gmail.com","actor_via_sso":false,"log_type":"token"}', '2025-10-17 11:10:43.056947+00', ''),
	('00000000-0000-0000-0000-000000000000', '4bd425fa-a830-46b1-9739-49a8d3bcdac4', '{"action":"token_refreshed","actor_id":"cec88bc9-557f-452b-92f1-e093092fecd6","actor_username":"butaeff@gmail.com","actor_via_sso":false,"log_type":"token"}', '2025-10-17 12:09:12.988185+00', ''),
	('00000000-0000-0000-0000-000000000000', '5025bb40-3ee2-4bc4-af45-01ffd6099157', '{"action":"token_revoked","actor_id":"cec88bc9-557f-452b-92f1-e093092fecd6","actor_username":"butaeff@gmail.com","actor_via_sso":false,"log_type":"token"}', '2025-10-17 12:09:13.016545+00', ''),
	('00000000-0000-0000-0000-000000000000', 'b759916a-a3a6-488a-9ca3-69a8b1878204', '{"action":"token_refreshed","actor_id":"cec88bc9-557f-452b-92f1-e093092fecd6","actor_username":"butaeff@gmail.com","actor_via_sso":false,"log_type":"token"}', '2025-10-17 13:07:43.001563+00', ''),
	('00000000-0000-0000-0000-000000000000', '3ec0f4c9-9fb5-437b-a602-853e866ac83f', '{"action":"token_revoked","actor_id":"cec88bc9-557f-452b-92f1-e093092fecd6","actor_username":"butaeff@gmail.com","actor_via_sso":false,"log_type":"token"}', '2025-10-17 13:07:43.023488+00', ''),
	('00000000-0000-0000-0000-000000000000', '0b988133-8568-4bb5-adf4-09061dfc44c3', '{"action":"token_refreshed","actor_id":"cec88bc9-557f-452b-92f1-e093092fecd6","actor_username":"butaeff@gmail.com","actor_via_sso":false,"log_type":"token"}', '2025-10-17 14:06:12.774818+00', ''),
	('00000000-0000-0000-0000-000000000000', '20adbaee-51fd-41d8-b7f6-61ec1caf6de8', '{"action":"token_revoked","actor_id":"cec88bc9-557f-452b-92f1-e093092fecd6","actor_username":"butaeff@gmail.com","actor_via_sso":false,"log_type":"token"}', '2025-10-17 14:06:12.796245+00', ''),
	('00000000-0000-0000-0000-000000000000', '1dee3ccc-a924-4067-86d1-730c79631834', '{"action":"token_refreshed","actor_id":"cec88bc9-557f-452b-92f1-e093092fecd6","actor_username":"butaeff@gmail.com","actor_via_sso":false,"log_type":"token"}', '2025-10-17 15:04:37.75479+00', ''),
	('00000000-0000-0000-0000-000000000000', '12c7725d-69b1-4262-a4fc-4b66ee5e0e2c', '{"action":"token_revoked","actor_id":"cec88bc9-557f-452b-92f1-e093092fecd6","actor_username":"butaeff@gmail.com","actor_via_sso":false,"log_type":"token"}', '2025-10-17 15:04:37.781685+00', ''),
	('00000000-0000-0000-0000-000000000000', '6dbae8f8-74bc-4431-918b-27c9985fb93d', '{"action":"token_refreshed","actor_id":"cec88bc9-557f-452b-92f1-e093092fecd6","actor_username":"butaeff@gmail.com","actor_via_sso":false,"log_type":"token"}', '2025-10-17 16:02:47.559662+00', ''),
	('00000000-0000-0000-0000-000000000000', '9b1d467a-b24f-470e-aeb3-a437c0070047', '{"action":"token_revoked","actor_id":"cec88bc9-557f-452b-92f1-e093092fecd6","actor_username":"butaeff@gmail.com","actor_via_sso":false,"log_type":"token"}', '2025-10-17 16:02:47.579699+00', '');


--
-- Data for Name: flow_state; Type: TABLE DATA; Schema: auth; Owner: supabase_auth_admin
--

INSERT INTO "auth"."flow_state" ("id", "user_id", "auth_code", "code_challenge_method", "code_challenge", "provider_type", "provider_access_token", "provider_refresh_token", "created_at", "updated_at", "authentication_method", "auth_code_issued_at") VALUES
	('810c5474-b2a9-4232-95f6-f5c9c4604cde', '80d51b9e-b05d-4702-ab74-6ec478533c8f', '2fbb5a32-6663-46de-b4d5-068e5a568eba', 's256', '8mTWRS37BDd0XpZg3ckOWk7oi39dzAb6Ck127VklXJ8', 'recovery', '', '', '2025-07-02 23:13:10.882121+00', '2025-07-02 23:13:35.423119+00', 'recovery', '2025-07-02 23:13:35.423083+00'),
	('0e69140c-24ab-4f33-b77a-dc9dd2c7e277', '80d51b9e-b05d-4702-ab74-6ec478533c8f', 'f8884794-7d49-4374-9fef-507ac7eea72a', 's256', 'NapPIGzIcSVbco-A6UgIsPry7iuFGVMwlAORoc_zqys', 'recovery', '', '', '2025-07-02 23:30:04.776887+00', '2025-07-02 23:38:44.999127+00', 'recovery', '2025-07-02 23:38:44.999073+00'),
	('9f43d692-3559-47b3-8a34-47fe7a9893c2', '80d51b9e-b05d-4702-ab74-6ec478533c8f', '8c348374-d806-42c3-ae61-7af3461dd341', 's256', '-TidwlK3H_lj4LT-CNJHVyMBObjqxcGAUjdCJpD1Ifk', 'recovery', '', '', '2025-07-02 23:40:25.483302+00', '2025-07-02 23:40:25.483302+00', 'recovery', NULL),
	('76b846b7-821a-4ab2-89f4-6c0a30d3be63', '80d51b9e-b05d-4702-ab74-6ec478533c8f', '8099e00a-361a-4bae-9549-15cd16b8f1f4', 's256', 'Nv8M5lZyWPGuyPyrr_YZycL325jRHGwGhjtcHIvsgsk', 'recovery', '', '', '2025-07-02 23:54:22.661603+00', '2025-07-02 23:54:42.345386+00', 'recovery', '2025-07-02 23:54:42.345348+00'),
	('2e15b2a9-ee17-4e7a-a303-86b9a7ad4803', '80d51b9e-b05d-4702-ab74-6ec478533c8f', 'f4c6e702-cb12-4127-945f-00953696fc39', 's256', '-GgQjNwe9AQ74ict_oyQeVwGGILpck9B2FsnbTL74aQ', 'recovery', '', '', '2025-08-22 01:34:41.666678+00', '2025-08-22 01:34:41.666678+00', 'recovery', NULL),
	('69138cc0-5c4b-4d45-ba30-d95cf8af2d4f', '80d51b9e-b05d-4702-ab74-6ec478533c8f', '7470a8e7-c6a0-44cc-b2a6-c66cea278241', 's256', 'qBBpjEgyy5idHTYGu51YZYvDR6nINkWgQviJTXwVsUk', 'recovery', '', '', '2025-08-22 01:34:43.690268+00', '2025-08-22 01:34:43.690268+00', 'recovery', NULL),
	('937f36b6-4bf4-4e3d-b16e-4001e46088af', '80d51b9e-b05d-4702-ab74-6ec478533c8f', 'cb9c24fe-1ceb-4c0f-857c-228b5d52ee0f', 's256', 'aGzAWXZFLgGNkHwzSDo--220N-N9Iu6SMUAQCZ_kOMc', 'recovery', '', '', '2025-08-22 01:36:56.337458+00', '2025-08-22 01:36:56.337458+00', 'recovery', NULL),
	('bcc7392e-13e8-4204-a189-d5fb173bd3e7', '80d51b9e-b05d-4702-ab74-6ec478533c8f', 'cee0dbf7-3c39-41b0-a52f-bd8616a39b98', 's256', 'UFSOGYXEEVvW_db6cnWNwQm1ZOL2ohNcNjgoKLlgJzQ', 'recovery', '', '', '2025-08-22 01:46:07.549426+00', '2025-08-22 01:46:07.549426+00', 'recovery', NULL),
	('1a346ff2-848a-4307-b1d6-ea5f67b4bc1c', '80d51b9e-b05d-4702-ab74-6ec478533c8f', 'b569ec75-c109-4a2d-8bed-b7d2200271b6', 's256', 'msttLAgXEsmN8DnmGTjdP4wYR2l2p04ARo4_br7Kh0U', 'recovery', '', '', '2025-08-22 08:14:42.963058+00', '2025-08-22 08:14:42.963058+00', 'recovery', NULL),
	('2706e9be-85da-45e0-9354-4551d089b08b', '80d51b9e-b05d-4702-ab74-6ec478533c8f', '6c4d9e1c-d29f-4a04-9a51-339d74d7bf86', 's256', 'TCqCJs5VGFSTT3r-z3dBrsuf8SSeA79dEeZwlJMmX_c', 'recovery', '', '', '2025-08-22 08:20:13.317437+00', '2025-08-22 08:20:30.446762+00', 'recovery', '2025-08-22 08:20:30.44672+00'),
	('33e0d6e4-cbf8-4084-8b3b-a28266f12495', 'e954df8f-6a9b-4cb1-8c3f-8518dc78f846', '68ad380e-beb6-44f2-ac35-86ab1f236e05', 's256', '91vxNDcrUiB7trcGJFaNmMNy0aO8MFcn8hHmAdFK4Tw', 'recovery', '', '', '2025-08-22 09:40:01.534889+00', '2025-08-22 09:40:01.534889+00', 'recovery', NULL),
	('a1921a16-2d31-4f5b-b882-26826677a299', '80d51b9e-b05d-4702-ab74-6ec478533c8f', 'db59d401-4b74-48a9-a2fb-c8932a45f879', 's256', 'L5vZzNK8PthgcvX7JoNwYFsesrjf62xQOKFNhH69XHY', 'recovery', '', '', '2025-08-25 12:26:05.073491+00', '2025-08-25 12:26:52.691372+00', 'recovery', '2025-08-25 12:26:52.691327+00'),
	('00a10d1a-9561-4b8f-ae22-eb86d77aa0eb', '80d51b9e-b05d-4702-ab74-6ec478533c8f', '81c93269-118a-4443-9068-ab02a5039c9d', 's256', 'Js6z3nrIExalEZ4sBSCuva--qnSy2u8UBTKxsQRqaUY', 'recovery', '', '', '2025-08-25 12:32:29.649737+00', '2025-08-25 12:32:29.649737+00', 'recovery', NULL),
	('69b4e340-62f8-4dd3-9ea9-ed9c683b369d', '80d51b9e-b05d-4702-ab74-6ec478533c8f', '509e2d37-830b-4beb-bffa-29d79bcf66c3', 's256', 'WDkXhgeWAgRRVuGeL_RPBQa-Dv2uAh8rSUvCTmfdmIk', 'recovery', '', '', '2025-08-25 12:50:34.696755+00', '2025-08-25 12:51:00.10685+00', 'recovery', '2025-08-25 12:51:00.106809+00'),
	('a4120553-39cd-4376-9ebd-a565b8ed53f5', '80d51b9e-b05d-4702-ab74-6ec478533c8f', '28e0024d-bb2c-448e-a293-977b6fb6cd9f', 's256', 'IcXhk7TwpvVOm8U1qgQylRBNzTa-gYodDwrR572lAGo', 'recovery', '', '', '2025-08-26 13:42:22.666104+00', '2025-08-26 13:43:00.129846+00', 'recovery', '2025-08-26 13:43:00.129797+00'),
	('c7a12c02-2438-4f90-9967-a557b6ccf252', '80d51b9e-b05d-4702-ab74-6ec478533c8f', '930a2c6d-7463-4fe7-84e1-3bcca4a0b4a5', 's256', 'kvuBs1W_bz50qIoPvobtSIcik2xj9qQAh35-2UP_udM', 'recovery', '', '', '2025-08-25 13:23:51.069036+00', '2025-08-25 13:23:51.069036+00', 'recovery', NULL),
	('7fe51beb-56bb-4d3e-93cf-27767f6aa875', '80d51b9e-b05d-4702-ab74-6ec478533c8f', 'cc3f0581-9c2b-4423-80b3-c45722eadf11', 's256', 'kOyXJFu80OStcD-kCTQxDSzekLlXzH5cbOrJJA366eg', 'recovery', '', '', '2025-08-25 13:43:17.92565+00', '2025-08-25 13:43:33.524386+00', 'recovery', '2025-08-25 13:43:33.524342+00'),
	('1b07dd31-18d9-450b-a6c3-7f69e83e1c52', '80d51b9e-b05d-4702-ab74-6ec478533c8f', '4b28e66f-ea5b-4e8a-91de-8dc85d067ff6', 's256', 'gc1qsiJIOoTAzFy-XlzzjeQBkEfl5H6-SqqNJrILe6A', 'recovery', '', '', '2025-08-25 14:06:01.628195+00', '2025-08-25 14:08:13.439359+00', 'recovery', '2025-08-25 14:08:13.439319+00'),
	('51a86238-f590-406c-803f-8be5e8c893b9', '613aad1d-c231-4a64-83d6-794f94b530ba', '0db0698f-02b4-43be-8590-1ddf8bdaf497', 's256', 'wCWOaLpKsJf8DUq4-sDASs2jLVU441Ts8vzESY_Pq1U', 'recovery', '', '', '2025-08-26 08:33:56.525709+00', '2025-08-26 08:33:56.525709+00', 'recovery', NULL),
	('e04cafa7-98b4-43bf-bc8f-3dbfceacbfc7', '80d51b9e-b05d-4702-ab74-6ec478533c8f', 'e6c76817-b2ff-413f-adab-0a0cede3cd55', 's256', 'jHbgdJyExP-o5jutd39ADrSntlxF4y9is5PQdpcAD1E', 'recovery', '', '', '2025-08-26 08:41:56.808915+00', '2025-08-26 08:41:56.808915+00', 'recovery', NULL),
	('2e76ad85-eed3-49a8-aaaa-f61f11bb209c', '80d51b9e-b05d-4702-ab74-6ec478533c8f', 'bf343584-db4b-42c1-b87e-a92de0c7cc86', 's256', 'Z00VcAWxybPzO97f-pvaDRC_AtWF1ewn5xfBmNb4N0k', 'recovery', '', '', '2025-08-26 08:57:20.653831+00', '2025-08-26 08:57:31.859215+00', 'recovery', '2025-08-26 08:57:31.859154+00'),
	('464600f2-2587-4f6c-be19-b9dd0aa88678', '80d51b9e-b05d-4702-ab74-6ec478533c8f', '3fbbc6ca-7937-42c7-ad9b-d2cb0115daee', 's256', 'jx0uOysrAH9phteMo9lHmDkcWpYpkuz5dxlanD3IOTU', 'recovery', '', '', '2025-08-26 12:44:34.758172+00', '2025-08-26 12:45:10.868569+00', 'recovery', '2025-08-26 12:45:10.868523+00'),
	('2aceab45-c05b-4fcb-b742-f0bda492612d', '80d51b9e-b05d-4702-ab74-6ec478533c8f', '41d5c54f-14c6-4fd3-b695-ce1cfa8859b9', 's256', 'nwQKqDwHz1WwRmE1FUjwMOJMcVqczxUxU6jCZOzluOc', 'recovery', '', '', '2025-08-26 12:45:29.30015+00', '2025-08-26 12:45:29.30015+00', 'recovery', NULL),
	('6dcf9f9a-ef94-4852-9aa9-7fac856d3bbf', '80d51b9e-b05d-4702-ab74-6ec478533c8f', '3b518333-8812-436d-b781-2eac61d45f34', 's256', '5xiWeVwO5ktfHeNOA5acg_ZdalAKEqu4hyu3g5fNZCg', 'recovery', '', '', '2025-08-26 13:30:53.715061+00', '2025-08-26 13:31:09.982048+00', 'recovery', '2025-08-26 13:31:09.982004+00');


--
-- Data for Name: users; Type: TABLE DATA; Schema: auth; Owner: supabase_auth_admin
--

INSERT INTO "auth"."users" ("instance_id", "id", "aud", "role", "email", "encrypted_password", "email_confirmed_at", "invited_at", "confirmation_token", "confirmation_sent_at", "recovery_token", "recovery_sent_at", "email_change_token_new", "email_change", "email_change_sent_at", "last_sign_in_at", "raw_app_meta_data", "raw_user_meta_data", "is_super_admin", "created_at", "updated_at", "phone", "phone_confirmed_at", "phone_change", "phone_change_token", "phone_change_sent_at", "email_change_token_current", "email_change_confirm_status", "banned_until", "reauthentication_token", "reauthentication_sent_at", "is_sso_user", "deleted_at", "is_anonymous") VALUES
	('00000000-0000-0000-0000-000000000000', 'db020079-14f8-4362-91d2-48a7499f2ec6', 'authenticated', 'authenticated', 'mao@orangecat.ch', '$2a$10$3C1N1VD167bCZkaiUL7cWOSX5tawuoWrI3rnv3SzN8kSsEMKbMfMi', '2025-10-01 19:22:53.199857+00', NULL, '', NULL, '', NULL, '', '', NULL, NULL, '{"provider": "email", "providers": ["email"]}', '{"full_name": "Mao Asada", "display_name": "mao", "email_verified": true}', NULL, '2025-10-01 19:22:53.14432+00', '2025-10-01 19:22:53.200695+00', NULL, NULL, '', '', NULL, '', 0, NULL, '', NULL, false, NULL, false),
	('00000000-0000-0000-0000-000000000000', '6f593d47-c6a2-433b-bd66-a9b025b0cdb6', 'authenticated', 'authenticated', 'fetch-browser-test@example.com', '$2a$10$B30bzesBxlEcP75XYsE/NuvqthvvhtI7BtGbuzDtj3gYjMac8HQaq', '2025-09-24 22:39:56.574649+00', NULL, '', NULL, '', NULL, '', '', NULL, '2025-09-24 22:39:56.578475+00', '{"provider": "email", "providers": ["email"]}', '{"sub": "6f593d47-c6a2-433b-bd66-a9b025b0cdb6", "email": "fetch-browser-test@example.com", "email_verified": true, "phone_verified": false}', NULL, '2025-09-24 22:39:56.564311+00', '2025-09-24 22:39:56.580975+00', NULL, NULL, '', '', NULL, '', 0, NULL, '', NULL, false, NULL, false),
	('00000000-0000-0000-0000-000000000000', '6a5d5d0b-9f13-47a9-942b-524b3faca5dd', 'authenticated', 'authenticated', 'curl-test@example.com', '$2a$10$wib1w9SuehQwKdWZ43mjLeDuxLbrfXXev6E.ph7XPuj9tjRZFEDL6', '2025-09-24 22:36:17.547054+00', NULL, '', NULL, '', NULL, '', '', NULL, '2025-09-24 22:36:17.560819+00', '{"provider": "email", "providers": ["email"]}', '{"sub": "6a5d5d0b-9f13-47a9-942b-524b3faca5dd", "email": "curl-test@example.com", "email_verified": true, "phone_verified": false}', NULL, '2025-09-24 22:36:17.44931+00', '2025-09-24 22:36:17.59355+00', NULL, NULL, '', '', NULL, '', 0, NULL, '', NULL, false, NULL, false),
	('00000000-0000-0000-0000-000000000000', '11a46516-9916-4652-a6c0-6c0cfd015aca', 'authenticated', 'authenticated', 'playwright-test@example.com', '$2a$10$QClFyocl3oIAZYrt8p4V.OtfnGHcjY2w9J44LnPyaf3A5.YnJBS36', '2025-09-24 22:47:13.182311+00', NULL, '', NULL, '', NULL, '', '', NULL, '2025-09-24 22:47:13.186383+00', '{"provider": "email", "providers": ["email"]}', '{"sub": "11a46516-9916-4652-a6c0-6c0cfd015aca", "email": "playwright-test@example.com", "email_verified": true, "phone_verified": false}', NULL, '2025-09-24 22:47:13.173629+00', '2025-10-13 08:02:31.277167+00', NULL, NULL, '', '', NULL, '', 0, NULL, '', NULL, false, NULL, false),
	('00000000-0000-0000-0000-000000000000', '741fa1c6-e345-41c5-ad05-81cc53add59f', 'authenticated', 'authenticated', 'node-test@example.com', '$2a$10$8NclTYhN44/F51AUgpm/KOJ.2YtsZUpepoQVIocQ9fmh0.x3tO8Dy', '2025-09-24 22:38:22.125382+00', NULL, '', NULL, '', NULL, '', '', NULL, '2025-09-24 22:38:22.129186+00', '{"provider": "email", "providers": ["email"]}', '{"sub": "741fa1c6-e345-41c5-ad05-81cc53add59f", "email": "node-test@example.com", "email_verified": true, "phone_verified": false}', NULL, '2025-09-24 22:38:22.112244+00', '2025-09-24 22:38:22.131574+00', NULL, NULL, '', '', NULL, '', 0, NULL, '', NULL, false, NULL, false),
	('00000000-0000-0000-0000-000000000000', 'cec88bc9-557f-452b-92f1-e093092fecd6', 'authenticated', 'authenticated', 'butaeff@gmail.com', '$2a$10$aFi9RPD9KDDeBtH0kHNMBuyarAgRK0KGo83TMCNnmyjXTxWKOpbL2', '2025-08-26 14:40:17.45968+00', NULL, '', NULL, '', NULL, '', '', NULL, '2025-10-17 10:12:22.651564+00', '{"provider": "email", "providers": ["email"]}', '{"sub": "cec88bc9-557f-452b-92f1-e093092fecd6", "email": "butaeff@gmail.com", "email_verified": true, "phone_verified": false}', NULL, '2025-08-26 14:40:17.437304+00', '2025-10-17 16:02:47.607658+00', NULL, NULL, '', '', NULL, '', 0, NULL, '', NULL, false, NULL, false),
	('00000000-0000-0000-0000-000000000000', '8e87cd2c-30e5-484b-a1a7-689711064091', 'authenticated', 'authenticated', 'profiletest@example.com', '$2a$10$DMRCDB.1MYSLW4Z14/00eujdiEyowje5wXDQ1GJ8eUh4OALFCyHju', '2025-10-13 06:28:39.759137+00', NULL, '', NULL, '', NULL, '', '', NULL, '2025-10-13 06:28:39.769453+00', '{"provider": "email", "providers": ["email"]}', '{"sub": "8e87cd2c-30e5-484b-a1a7-689711064091", "email": "profiletest@example.com", "username": "profiletestuser", "email_verified": true, "phone_verified": false}', NULL, '2025-10-13 06:28:39.712726+00', '2025-10-13 06:28:39.771793+00', NULL, NULL, '', '', NULL, '', 0, NULL, '', NULL, false, NULL, false),
	('00000000-0000-0000-0000-000000000000', 'd26e6c11-f832-49b0-b0b6-b05a7879ff23', 'authenticated', 'authenticated', 'test@example.com', '$2a$10$6uMFCBYA1fETzsax5HO9Je545J.U2STuUf5UX9GbUdC96r0mM.9gm', '2025-10-13 08:07:27.867178+00', NULL, '', NULL, '', NULL, '', '', NULL, '2025-10-13 08:07:27.876717+00', '{"provider": "email", "providers": ["email"]}', '{"sub": "d26e6c11-f832-49b0-b0b6-b05a7879ff23", "email": "test@example.com", "email_verified": true, "phone_verified": false}', NULL, '2025-10-13 08:07:27.795562+00', '2025-10-13 08:07:27.879244+00', NULL, NULL, '', '', NULL, '', 0, NULL, '', NULL, false, NULL, false);


--
-- Data for Name: identities; Type: TABLE DATA; Schema: auth; Owner: supabase_auth_admin
--

INSERT INTO "auth"."identities" ("provider_id", "user_id", "identity_data", "provider", "last_sign_in_at", "created_at", "updated_at", "id") VALUES
	('cec88bc9-557f-452b-92f1-e093092fecd6', 'cec88bc9-557f-452b-92f1-e093092fecd6', '{"sub": "cec88bc9-557f-452b-92f1-e093092fecd6", "email": "butaeff@gmail.com", "email_verified": false, "phone_verified": false}', 'email', '2025-08-26 14:40:17.45454+00', '2025-08-26 14:40:17.454604+00', '2025-08-26 14:40:17.454604+00', '5db93021-a5e8-4853-85fc-72795e13e606'),
	('6a5d5d0b-9f13-47a9-942b-524b3faca5dd', '6a5d5d0b-9f13-47a9-942b-524b3faca5dd', '{"sub": "6a5d5d0b-9f13-47a9-942b-524b3faca5dd", "email": "curl-test@example.com", "email_verified": false, "phone_verified": false}', 'email', '2025-09-24 22:36:17.516606+00', '2025-09-24 22:36:17.51666+00', '2025-09-24 22:36:17.51666+00', '265417d9-582e-47af-b366-cca39ed1ee6c'),
	('741fa1c6-e345-41c5-ad05-81cc53add59f', '741fa1c6-e345-41c5-ad05-81cc53add59f', '{"sub": "741fa1c6-e345-41c5-ad05-81cc53add59f", "email": "node-test@example.com", "email_verified": false, "phone_verified": false}', 'email', '2025-09-24 22:38:22.119265+00', '2025-09-24 22:38:22.119317+00', '2025-09-24 22:38:22.119317+00', '4e629e6a-af12-4f4d-b06d-5f26901fc001'),
	('6f593d47-c6a2-433b-bd66-a9b025b0cdb6', '6f593d47-c6a2-433b-bd66-a9b025b0cdb6', '{"sub": "6f593d47-c6a2-433b-bd66-a9b025b0cdb6", "email": "fetch-browser-test@example.com", "email_verified": false, "phone_verified": false}', 'email', '2025-09-24 22:39:56.569344+00', '2025-09-24 22:39:56.569412+00', '2025-09-24 22:39:56.569412+00', '1a8bfb1b-3133-4c97-bb13-d439236319c3'),
	('11a46516-9916-4652-a6c0-6c0cfd015aca', '11a46516-9916-4652-a6c0-6c0cfd015aca', '{"sub": "11a46516-9916-4652-a6c0-6c0cfd015aca", "email": "playwright-test@example.com", "email_verified": false, "phone_verified": false}', 'email', '2025-09-24 22:47:13.179036+00', '2025-09-24 22:47:13.179083+00', '2025-09-24 22:47:13.179083+00', '1281819c-558a-4dac-89bd-d0fd24cd0617'),
	('db020079-14f8-4362-91d2-48a7499f2ec6', 'db020079-14f8-4362-91d2-48a7499f2ec6', '{"sub": "db020079-14f8-4362-91d2-48a7499f2ec6", "email": "mao@orangecat.ch", "email_verified": false, "phone_verified": false}', 'email', '2025-10-01 19:22:53.185622+00', '2025-10-01 19:22:53.185689+00', '2025-10-01 19:22:53.185689+00', 'e96c4654-4188-4348-8d7c-301cdecea521'),
	('8e87cd2c-30e5-484b-a1a7-689711064091', '8e87cd2c-30e5-484b-a1a7-689711064091', '{"sub": "8e87cd2c-30e5-484b-a1a7-689711064091", "email": "profiletest@example.com", "username": "profiletestuser", "email_verified": false, "phone_verified": false}', 'email', '2025-10-13 06:28:39.75216+00', '2025-10-13 06:28:39.752228+00', '2025-10-13 06:28:39.752228+00', 'df084586-4ab1-43d9-a90d-f8f0ef35db19'),
	('d26e6c11-f832-49b0-b0b6-b05a7879ff23', 'd26e6c11-f832-49b0-b0b6-b05a7879ff23', '{"sub": "d26e6c11-f832-49b0-b0b6-b05a7879ff23", "email": "test@example.com", "email_verified": false, "phone_verified": false}', 'email', '2025-10-13 08:07:27.860506+00', '2025-10-13 08:07:27.860559+00', '2025-10-13 08:07:27.860559+00', '0ee9a634-5c08-4d71-9be4-596bf14f7188');


--
-- Data for Name: instances; Type: TABLE DATA; Schema: auth; Owner: supabase_auth_admin
--



--
-- Data for Name: oauth_clients; Type: TABLE DATA; Schema: auth; Owner: supabase_auth_admin
--



--
-- Data for Name: sessions; Type: TABLE DATA; Schema: auth; Owner: supabase_auth_admin
--

INSERT INTO "auth"."sessions" ("id", "user_id", "created_at", "updated_at", "factor_id", "aal", "not_after", "refreshed_at", "user_agent", "ip", "tag", "oauth_client_id") VALUES
	('2965836d-46b6-4fbc-97bc-e371723ea64f', 'cec88bc9-557f-452b-92f1-e093092fecd6', '2025-10-13 05:37:01.009675+00', '2025-10-13 05:37:01.009675+00', NULL, 'aal1', NULL, NULL, 'Mozilla/5.0 (X11; Linux x86_64) AppleWebKit/537.36 (KHTML, like Gecko) Chrome/140.0.0.0 Safari/537.36', '213.55.186.17', NULL, NULL),
	('ce1aa606-2965-4d6b-9bcb-b36951bc4416', 'cec88bc9-557f-452b-92f1-e093092fecd6', '2025-08-26 14:40:17.463694+00', '2025-08-26 14:40:17.463694+00', NULL, 'aal1', NULL, NULL, 'Mozilla/5.0 (X11; Linux x86_64) AppleWebKit/537.36 (KHTML, like Gecko) Chrome/139.0.0.0 Safari/537.36', '109.202.198.252', NULL, NULL),
	('c3120a30-a40e-4053-bc45-e470fe6a9097', 'cec88bc9-557f-452b-92f1-e093092fecd6', '2025-08-26 14:40:24.379591+00', '2025-08-26 14:40:24.379591+00', NULL, 'aal1', NULL, NULL, 'Mozilla/5.0 (X11; Linux x86_64) AppleWebKit/537.36 (KHTML, like Gecko) Chrome/139.0.0.0 Safari/537.36', '109.202.198.252', NULL, NULL),
	('82f18ac5-918a-4e4e-9475-3fe7c9c96947', '6a5d5d0b-9f13-47a9-942b-524b3faca5dd', '2025-09-24 22:36:17.561815+00', '2025-09-24 22:36:17.561815+00', NULL, 'aal1', NULL, NULL, 'curl/8.12.1', '213.55.186.131', NULL, NULL),
	('456c3810-11b7-4987-a3ef-68c86ffa5f02', '741fa1c6-e345-41c5-ad05-81cc53add59f', '2025-09-24 22:38:22.129253+00', '2025-09-24 22:38:22.129253+00', NULL, 'aal1', NULL, NULL, 'node', '213.55.186.131', NULL, NULL),
	('1fccce23-d8e8-4d3e-9687-087c843a4b2a', '6f593d47-c6a2-433b-bd66-a9b025b0cdb6', '2025-09-24 22:39:56.57855+00', '2025-09-24 22:39:56.57855+00', NULL, 'aal1', NULL, NULL, 'Mozilla/5.0 (X11; Linux x86_64) AppleWebKit/537.36 (KHTML, like Gecko) Chrome/140.0.0.0 Safari/537.36', '213.55.186.131', NULL, NULL),
	('d308188e-75d1-4dfb-9583-01f53109a20c', 'cec88bc9-557f-452b-92f1-e093092fecd6', '2025-10-01 08:17:09.002482+00', '2025-10-16 22:34:04.437842+00', NULL, 'aal1', NULL, '2025-10-16 22:34:04.437764', 'Mozilla/5.0 (iPhone; CPU iPhone OS 18_6_2 like Mac OS X) AppleWebKit/605.1.15 (KHTML, like Gecko) Brave/1 Mobile/15E148 Safari/604.1', '213.55.184.119', NULL, NULL),
	('fe62f79e-815d-4a8a-a2fd-24f4618cf424', 'cec88bc9-557f-452b-92f1-e093092fecd6', '2025-09-28 18:21:59.186485+00', '2025-09-28 18:21:59.186485+00', NULL, 'aal1', NULL, NULL, 'Mozilla/5.0 (X11; Linux x86_64) AppleWebKit/537.36 (KHTML, like Gecko) Chrome/140.0.0.0 Safari/537.36', '213.55.187.141', NULL, NULL),
	('2b6ff16b-eb35-49c4-bd51-110c7599a9f5', 'cec88bc9-557f-452b-92f1-e093092fecd6', '2025-09-28 18:55:28.501029+00', '2025-10-01 17:41:01.800111+00', NULL, 'aal1', NULL, '2025-10-01 17:41:01.800045', 'Mozilla/5.0 (X11; Linux x86_64) AppleWebKit/537.36 (KHTML, like Gecko) Chrome/140.0.0.0 Safari/537.36', '213.55.185.61', NULL, NULL),
	('23c93a8e-97b1-4a43-a925-f5f9c070ae14', 'cec88bc9-557f-452b-92f1-e093092fecd6', '2025-10-15 22:59:41.935883+00', '2025-10-17 10:10:42.264357+00', NULL, 'aal1', NULL, '2025-10-17 10:10:42.264278', 'Mozilla/5.0 (X11; Linux x86_64) AppleWebKit/537.36 (KHTML, like Gecko) Chrome/140.0.0.0 Safari/537.36', '213.55.184.69', NULL, NULL),
	('4d83c66a-b062-4406-a3f1-26415046a262', 'cec88bc9-557f-452b-92f1-e093092fecd6', '2025-10-01 17:41:15.638553+00', '2025-10-01 18:45:20.41935+00', NULL, 'aal1', NULL, '2025-10-01 18:45:20.41928', 'Mozilla/5.0 (X11; Linux x86_64) AppleWebKit/537.36 (KHTML, like Gecko) Chrome/140.0.0.0 Safari/537.36', '213.55.237.11', NULL, NULL),
	('ea1e6d46-3d3b-489b-8742-04dcd7392b2c', 'cec88bc9-557f-452b-92f1-e093092fecd6', '2025-10-13 06:19:48.268087+00', '2025-10-13 06:19:48.268087+00', NULL, 'aal1', NULL, NULL, 'Mozilla/5.0 (X11; Linux x86_64) AppleWebKit/537.36 (KHTML, like Gecko) Chrome/140.0.0.0 Safari/537.36', '213.55.186.17', NULL, NULL),
	('c7802c69-285a-4a33-b53b-3fa710cebd76', 'cec88bc9-557f-452b-92f1-e093092fecd6', '2025-10-13 07:44:10.113222+00', '2025-10-13 07:44:10.113222+00', NULL, 'aal1', NULL, NULL, 'Mozilla/5.0 (X11; Linux x86_64) AppleWebKit/537.36 (KHTML, like Gecko) Chrome/140.0.0.0 Safari/537.36', '213.55.186.17', NULL, NULL),
	('bba1973b-f23d-43cf-94be-7b345d8975be', 'cec88bc9-557f-452b-92f1-e093092fecd6', '2025-10-13 06:33:32.444289+00', '2025-10-13 07:58:13.810921+00', NULL, 'aal1', NULL, '2025-10-13 07:58:13.810854', 'Mozilla/5.0 (X11; Linux x86_64) AppleWebKit/537.36 (KHTML, like Gecko) Chrome/140.0.0.0 Safari/537.36', '213.55.186.17', NULL, NULL),
	('52d1320b-c985-44ee-afdc-a5e0de6216cb', 'cec88bc9-557f-452b-92f1-e093092fecd6', '2025-10-01 19:35:39.726135+00', '2025-10-03 10:19:59.902556+00', NULL, 'aal1', NULL, '2025-10-03 10:19:59.902478', 'node', '213.55.184.248', NULL, NULL),
	('470c5274-cd55-46d6-bbc3-e79ec0ee4228', 'cec88bc9-557f-452b-92f1-e093092fecd6', '2025-10-13 21:50:04.380318+00', '2025-10-15 20:38:45.635424+00', NULL, 'aal1', NULL, '2025-10-15 20:38:45.634786', 'Mozilla/5.0 (X11; Linux x86_64) AppleWebKit/537.36 (KHTML, like Gecko) Chrome/140.0.0.0 Safari/537.36', '213.55.184.226', NULL, NULL),
	('9fa9332b-af55-4431-a945-3c001bbd18ef', '11a46516-9916-4652-a6c0-6c0cfd015aca', '2025-09-24 22:47:13.186459+00', '2025-10-13 08:07:09.546353+00', NULL, 'aal1', NULL, '2025-10-13 08:07:09.546288', 'Mozilla/5.0 (X11; Linux x86_64) AppleWebKit/537.36 (KHTML, like Gecko) Chrome/140.0.0.0 Safari/537.36', '213.55.186.17', NULL, NULL),
	('011bd571-fed4-4b40-9971-1dff1c57d1ec', 'd26e6c11-f832-49b0-b0b6-b05a7879ff23', '2025-10-13 08:07:27.876796+00', '2025-10-13 08:07:27.876796+00', NULL, 'aal1', NULL, NULL, 'Mozilla/5.0 (X11; Linux x86_64) AppleWebKit/537.36 (KHTML, like Gecko) Chrome/140.0.0.0 Safari/537.36', '213.55.186.17', NULL, NULL),
	('48daa6e8-9fcc-4037-8a60-c17580375c49', 'cec88bc9-557f-452b-92f1-e093092fecd6', '2025-10-15 21:26:07.631614+00', '2025-10-15 21:26:07.631614+00', NULL, 'aal1', NULL, NULL, 'Mozilla/5.0 (X11; Linux x86_64) AppleWebKit/537.36 (KHTML, like Gecko) Chrome/140.0.0.0 Safari/537.36', '213.55.184.226', NULL, NULL),
	('245d5f6f-e816-4750-8940-bd9c37b087b1', 'cec88bc9-557f-452b-92f1-e093092fecd6', '2025-10-15 22:14:08.404667+00', '2025-10-15 22:14:08.404667+00', NULL, 'aal1', NULL, NULL, 'Mozilla/5.0 (X11; Linux x86_64) AppleWebKit/537.36 (KHTML, like Gecko) Chrome/140.0.0.0 Safari/537.36', '213.55.184.226', NULL, NULL),
	('4d78cd7d-1808-49b8-8fb8-64f22fa901aa', 'cec88bc9-557f-452b-92f1-e093092fecd6', '2025-10-15 22:43:14.142224+00', '2025-10-15 22:43:14.142224+00', NULL, 'aal1', NULL, NULL, 'Mozilla/5.0 (X11; Linux x86_64) AppleWebKit/537.36 (KHTML, like Gecko) Chrome/140.0.0.0 Safari/537.36', '213.55.184.226', NULL, NULL),
	('98816a33-f532-4658-9959-754906940ea7', 'cec88bc9-557f-452b-92f1-e093092fecd6', '2025-10-17 10:12:22.651682+00', '2025-10-17 16:02:47.621115+00', NULL, 'aal1', NULL, '2025-10-17 16:02:47.620297', 'Mozilla/5.0 (X11; Linux x86_64) AppleWebKit/537.36 (KHTML, like Gecko) Chrome/140.0.0.0 Safari/537.36', '213.55.184.69', NULL, NULL),
	('659a68d7-285c-422d-9e16-033f3233e059', 'cec88bc9-557f-452b-92f1-e093092fecd6', '2025-10-13 08:27:45.431254+00', '2025-10-13 16:55:54.301528+00', NULL, 'aal1', NULL, '2025-10-13 16:55:54.301458', 'Mozilla/5.0 (X11; Linux x86_64) AppleWebKit/537.36 (KHTML, like Gecko) Chrome/140.0.0.0 Safari/537.36', '213.55.186.17', NULL, NULL),
	('d4c0aa32-2375-4b1a-b5b6-09b07550e1b7', 'cec88bc9-557f-452b-92f1-e093092fecd6', '2025-10-13 08:08:19.976948+00', '2025-10-13 21:08:08.951119+00', NULL, 'aal1', NULL, '2025-10-13 21:08:08.951046', 'Mozilla/5.0 (X11; Linux x86_64) AppleWebKit/537.36 (KHTML, like Gecko) Chrome/140.0.0.0 Safari/537.36', '213.55.186.220', NULL, NULL),
	('738b2ccd-66bb-4fdb-8427-a242adb265b6', 'cec88bc9-557f-452b-92f1-e093092fecd6', '2025-10-13 21:08:35.561858+00', '2025-10-13 21:08:35.561858+00', NULL, 'aal1', NULL, NULL, 'Mozilla/5.0 (X11; Linux x86_64) AppleWebKit/537.36 (KHTML, like Gecko) Chrome/140.0.0.0 Safari/537.36', '213.55.186.220', NULL, NULL);


--
-- Data for Name: mfa_amr_claims; Type: TABLE DATA; Schema: auth; Owner: supabase_auth_admin
--

INSERT INTO "auth"."mfa_amr_claims" ("session_id", "created_at", "updated_at", "authentication_method", "id") VALUES
	('ce1aa606-2965-4d6b-9bcb-b36951bc4416', '2025-08-26 14:40:17.46776+00', '2025-08-26 14:40:17.46776+00', 'password', '2b984963-1f32-4440-a62f-611730bdf154'),
	('c3120a30-a40e-4053-bc45-e470fe6a9097', '2025-08-26 14:40:24.381521+00', '2025-08-26 14:40:24.381521+00', 'password', 'e7b5da09-0d49-4ba9-ba71-575fad05d5cc'),
	('82f18ac5-918a-4e4e-9475-3fe7c9c96947', '2025-09-24 22:36:17.594113+00', '2025-09-24 22:36:17.594113+00', 'password', 'c3ccddae-df2d-4e17-b573-f2390719b566'),
	('456c3810-11b7-4987-a3ef-68c86ffa5f02', '2025-09-24 22:38:22.132002+00', '2025-09-24 22:38:22.132002+00', 'password', '0ef66d22-8299-4c1b-8d3c-9d4380112786'),
	('1fccce23-d8e8-4d3e-9687-087c843a4b2a', '2025-09-24 22:39:56.581396+00', '2025-09-24 22:39:56.581396+00', 'password', 'ef38c8a7-8e52-4bf7-a4c1-01bb12d4a3fa'),
	('9fa9332b-af55-4431-a945-3c001bbd18ef', '2025-09-24 22:47:13.189106+00', '2025-09-24 22:47:13.189106+00', 'password', '6fc45e85-a122-4604-ac41-bf24bd204f0d'),
	('fe62f79e-815d-4a8a-a2fd-24f4618cf424', '2025-09-28 18:21:59.227378+00', '2025-09-28 18:21:59.227378+00', 'password', 'cf4c267b-8fb9-46f6-b2bc-927b0ff33b20'),
	('2b6ff16b-eb35-49c4-bd51-110c7599a9f5', '2025-09-28 18:55:28.509674+00', '2025-09-28 18:55:28.509674+00', 'password', 'd8902d96-cc3b-4f57-b4b8-9bf72651d702'),
	('d308188e-75d1-4dfb-9583-01f53109a20c', '2025-10-01 08:17:09.073068+00', '2025-10-01 08:17:09.073068+00', 'password', '90ece573-25d7-4d23-8149-24b412d91be5'),
	('4d83c66a-b062-4406-a3f1-26415046a262', '2025-10-01 17:41:15.647479+00', '2025-10-01 17:41:15.647479+00', 'password', 'bb2c6bec-8bf8-45d6-b67c-9302f6bd5f82'),
	('52d1320b-c985-44ee-afdc-a5e0de6216cb', '2025-10-01 19:35:39.751034+00', '2025-10-01 19:35:39.751034+00', 'password', '9ec22a01-f345-4f24-b116-f12f3c71327f'),
	('2965836d-46b6-4fbc-97bc-e371723ea64f', '2025-10-13 05:37:01.04572+00', '2025-10-13 05:37:01.04572+00', 'password', '1e302e19-7178-4e1f-b978-82e8d9fe4fd9'),
	('ea1e6d46-3d3b-489b-8742-04dcd7392b2c', '2025-10-13 06:19:48.272786+00', '2025-10-13 06:19:48.272786+00', 'password', 'a363797f-1230-4075-bc9e-6919335ec0ee'),
	('bba1973b-f23d-43cf-94be-7b345d8975be', '2025-10-13 06:33:32.451855+00', '2025-10-13 06:33:32.451855+00', 'password', '0c4454be-2027-48ee-a635-692c1c723544'),
	('c7802c69-285a-4a33-b53b-3fa710cebd76', '2025-10-13 07:44:10.125715+00', '2025-10-13 07:44:10.125715+00', 'password', '0cc3134a-9083-4d87-90ed-1f91bc5e3635'),
	('011bd571-fed4-4b40-9971-1dff1c57d1ec', '2025-10-13 08:07:27.879658+00', '2025-10-13 08:07:27.879658+00', 'password', 'b0108324-f43f-40ec-bedd-9ce46e4fe7af'),
	('d4c0aa32-2375-4b1a-b5b6-09b07550e1b7', '2025-10-13 08:08:19.978906+00', '2025-10-13 08:08:19.978906+00', 'password', '3f21f970-b343-4813-8866-23f2ac5d4b96'),
	('659a68d7-285c-422d-9e16-033f3233e059', '2025-10-13 08:27:45.442027+00', '2025-10-13 08:27:45.442027+00', 'password', 'f0f0c847-1f93-4684-93bd-634d83f2acae'),
	('738b2ccd-66bb-4fdb-8427-a242adb265b6', '2025-10-13 21:08:35.568878+00', '2025-10-13 21:08:35.568878+00', 'password', '314cbce0-f847-467e-993f-80647d1eaa8c'),
	('470c5274-cd55-46d6-bbc3-e79ec0ee4228', '2025-10-13 21:50:04.398488+00', '2025-10-13 21:50:04.398488+00', 'password', '0cad3290-d67a-466b-b971-7e2080d2b006'),
	('48daa6e8-9fcc-4037-8a60-c17580375c49', '2025-10-15 21:26:07.6738+00', '2025-10-15 21:26:07.6738+00', 'password', 'd2f29448-c039-4c73-a0af-0420bfc677c5'),
	('245d5f6f-e816-4750-8940-bd9c37b087b1', '2025-10-15 22:14:08.470601+00', '2025-10-15 22:14:08.470601+00', 'password', '98334012-6686-47fd-b349-99b4e2a94524'),
	('4d78cd7d-1808-49b8-8fb8-64f22fa901aa', '2025-10-15 22:43:14.170271+00', '2025-10-15 22:43:14.170271+00', 'password', '4623b135-add1-4036-8adc-1219ac2b1deb'),
	('23c93a8e-97b1-4a43-a925-f5f9c070ae14', '2025-10-15 22:59:41.960726+00', '2025-10-15 22:59:41.960726+00', 'password', '03415780-b446-461e-88f2-46c3ecf74876'),
	('98816a33-f532-4658-9959-754906940ea7', '2025-10-17 10:12:22.68274+00', '2025-10-17 10:12:22.68274+00', 'password', '78e0cff7-bd50-485a-9285-298d7f9aee14');


--
-- Data for Name: mfa_factors; Type: TABLE DATA; Schema: auth; Owner: supabase_auth_admin
--



--
-- Data for Name: mfa_challenges; Type: TABLE DATA; Schema: auth; Owner: supabase_auth_admin
--



--
-- Data for Name: oauth_authorizations; Type: TABLE DATA; Schema: auth; Owner: supabase_auth_admin
--



--
-- Data for Name: oauth_consents; Type: TABLE DATA; Schema: auth; Owner: supabase_auth_admin
--



--
-- Data for Name: one_time_tokens; Type: TABLE DATA; Schema: auth; Owner: supabase_auth_admin
--



--
-- Data for Name: refresh_tokens; Type: TABLE DATA; Schema: auth; Owner: supabase_auth_admin
--

INSERT INTO "auth"."refresh_tokens" ("instance_id", "id", "token", "user_id", "revoked", "created_at", "updated_at", "parent", "session_id") VALUES
	('00000000-0000-0000-0000-000000000000', 528, 'wyhyfkngjr24', '11a46516-9916-4652-a6c0-6c0cfd015aca', true, '2025-10-13 05:47:05.914267+00', '2025-10-13 08:02:31.275526+00', 'khrs5h2zhhcd', '9fa9332b-af55-4431-a945-3c001bbd18ef'),
	('00000000-0000-0000-0000-000000000000', 534, 'elenxbk77jdn', '11a46516-9916-4652-a6c0-6c0cfd015aca', false, '2025-10-13 08:02:31.276141+00', '2025-10-13 08:02:31.276141+00', 'wyhyfkngjr24', '9fa9332b-af55-4431-a945-3c001bbd18ef'),
	('00000000-0000-0000-0000-000000000000', 535, 'cyjgmziprblh', 'd26e6c11-f832-49b0-b0b6-b05a7879ff23', false, '2025-10-13 08:07:27.878249+00', '2025-10-13 08:07:27.878249+00', NULL, '011bd571-fed4-4b40-9971-1dff1c57d1ec'),
	('00000000-0000-0000-0000-000000000000', 537, 'yq5ut5m6rmtp', 'cec88bc9-557f-452b-92f1-e093092fecd6', true, '2025-10-13 08:27:45.434319+00', '2025-10-13 09:27:48.159367+00', NULL, '659a68d7-285c-422d-9e16-033f3233e059'),
	('00000000-0000-0000-0000-000000000000', 538, 'doqlzgpdnulz', 'cec88bc9-557f-452b-92f1-e093092fecd6', true, '2025-10-13 09:27:48.163524+00', '2025-10-13 10:27:48.042889+00', 'yq5ut5m6rmtp', '659a68d7-285c-422d-9e16-033f3233e059'),
	('00000000-0000-0000-0000-000000000000', 539, 'juq65sknphwf', 'cec88bc9-557f-452b-92f1-e093092fecd6', true, '2025-10-13 10:27:48.046727+00', '2025-10-13 12:51:33.789605+00', 'doqlzgpdnulz', '659a68d7-285c-422d-9e16-033f3233e059'),
	('00000000-0000-0000-0000-000000000000', 540, 'ovq4rkjs6ywr', 'cec88bc9-557f-452b-92f1-e093092fecd6', true, '2025-10-13 12:51:33.795168+00', '2025-10-13 13:56:33.715793+00', 'juq65sknphwf', '659a68d7-285c-422d-9e16-033f3233e059'),
	('00000000-0000-0000-0000-000000000000', 541, 'vfr2oav6usbp', 'cec88bc9-557f-452b-92f1-e093092fecd6', true, '2025-10-13 13:56:33.719967+00', '2025-10-13 14:55:54.523528+00', 'ovq4rkjs6ywr', '659a68d7-285c-422d-9e16-033f3233e059'),
	('00000000-0000-0000-0000-000000000000', 542, 'bn2pj2mtu24f', 'cec88bc9-557f-452b-92f1-e093092fecd6', true, '2025-10-13 14:55:54.532313+00', '2025-10-13 15:55:54.417269+00', 'vfr2oav6usbp', '659a68d7-285c-422d-9e16-033f3233e059'),
	('00000000-0000-0000-0000-000000000000', 543, 'xlnbi223wvi5', 'cec88bc9-557f-452b-92f1-e093092fecd6', true, '2025-10-13 15:55:54.4186+00', '2025-10-13 16:55:54.295543+00', 'bn2pj2mtu24f', '659a68d7-285c-422d-9e16-033f3233e059'),
	('00000000-0000-0000-0000-000000000000', 544, 's6ixjfkbye23', 'cec88bc9-557f-452b-92f1-e093092fecd6', false, '2025-10-13 16:55:54.297376+00', '2025-10-13 16:55:54.297376+00', 'xlnbi223wvi5', '659a68d7-285c-422d-9e16-033f3233e059'),
	('00000000-0000-0000-0000-000000000000', 536, 'bhwlifnk5qvt', 'cec88bc9-557f-452b-92f1-e093092fecd6', true, '2025-10-13 08:08:19.977735+00', '2025-10-13 21:08:04.322025+00', NULL, 'd4c0aa32-2375-4b1a-b5b6-09b07550e1b7'),
	('00000000-0000-0000-0000-000000000000', 545, 'ooz77yvpumsc', 'cec88bc9-557f-452b-92f1-e093092fecd6', false, '2025-10-13 21:08:04.334466+00', '2025-10-13 21:08:04.334466+00', 'bhwlifnk5qvt', 'd4c0aa32-2375-4b1a-b5b6-09b07550e1b7'),
	('00000000-0000-0000-0000-000000000000', 546, 'go7wlvowoley', 'cec88bc9-557f-452b-92f1-e093092fecd6', false, '2025-10-13 21:08:35.56762+00', '2025-10-13 21:08:35.56762+00', NULL, '738b2ccd-66bb-4fdb-8427-a242adb265b6'),
	('00000000-0000-0000-0000-000000000000', 547, 'rc2kz57gkh6m', 'cec88bc9-557f-452b-92f1-e093092fecd6', true, '2025-10-13 21:50:04.386551+00', '2025-10-14 05:22:37.049311+00', NULL, '470c5274-cd55-46d6-bbc3-e79ec0ee4228'),
	('00000000-0000-0000-0000-000000000000', 548, 'mmmhobuj3vfs', 'cec88bc9-557f-452b-92f1-e093092fecd6', true, '2025-10-14 05:22:37.069817+00', '2025-10-14 06:20:43.374786+00', 'rc2kz57gkh6m', '470c5274-cd55-46d6-bbc3-e79ec0ee4228'),
	('00000000-0000-0000-0000-000000000000', 549, 'lh3nxvdnggeh', 'cec88bc9-557f-452b-92f1-e093092fecd6', true, '2025-10-14 06:20:43.382005+00', '2025-10-14 07:18:53.743736+00', 'mmmhobuj3vfs', '470c5274-cd55-46d6-bbc3-e79ec0ee4228'),
	('00000000-0000-0000-0000-000000000000', 550, 'btyt5ocnjmh7', 'cec88bc9-557f-452b-92f1-e093092fecd6', true, '2025-10-14 07:18:53.752876+00', '2025-10-15 15:35:49.677797+00', 'lh3nxvdnggeh', '470c5274-cd55-46d6-bbc3-e79ec0ee4228'),
	('00000000-0000-0000-0000-000000000000', 551, '6ubq2xxc7j2d', 'cec88bc9-557f-452b-92f1-e093092fecd6', true, '2025-10-15 15:35:49.706851+00', '2025-10-15 16:38:45.805195+00', 'btyt5ocnjmh7', '470c5274-cd55-46d6-bbc3-e79ec0ee4228'),
	('00000000-0000-0000-0000-000000000000', 526, '4t3gzy33crht', 'cec88bc9-557f-452b-92f1-e093092fecd6', true, '2025-10-12 01:26:45.015406+00', '2025-10-16 21:13:05.352879+00', 'qntrrtr2fsrf', 'd308188e-75d1-4dfb-9583-01f53109a20c'),
	('00000000-0000-0000-0000-000000000000', 500, 'wskfc52pinaf', 'cec88bc9-557f-452b-92f1-e093092fecd6', false, '2025-08-26 14:40:17.464594+00', '2025-08-26 14:40:17.464594+00', NULL, 'ce1aa606-2965-4d6b-9bcb-b36951bc4416'),
	('00000000-0000-0000-0000-000000000000', 501, 'etn2ozc2tra6', 'cec88bc9-557f-452b-92f1-e093092fecd6', false, '2025-08-26 14:40:24.380305+00', '2025-08-26 14:40:24.380305+00', NULL, 'c3120a30-a40e-4053-bc45-e470fe6a9097'),
	('00000000-0000-0000-0000-000000000000', 502, 'vl4ikxqzyaik', '6a5d5d0b-9f13-47a9-942b-524b3faca5dd', false, '2025-09-24 22:36:17.573953+00', '2025-09-24 22:36:17.573953+00', NULL, '82f18ac5-918a-4e4e-9475-3fe7c9c96947'),
	('00000000-0000-0000-0000-000000000000', 503, 'vpzqps6llk6g', '741fa1c6-e345-41c5-ad05-81cc53add59f', false, '2025-09-24 22:38:22.130254+00', '2025-09-24 22:38:22.130254+00', NULL, '456c3810-11b7-4987-a3ef-68c86ffa5f02'),
	('00000000-0000-0000-0000-000000000000', 504, 'l2v4iork3t2k', '6f593d47-c6a2-433b-bd66-a9b025b0cdb6', false, '2025-09-24 22:39:56.579558+00', '2025-09-24 22:39:56.579558+00', NULL, '1fccce23-d8e8-4d3e-9687-087c843a4b2a'),
	('00000000-0000-0000-0000-000000000000', 505, 'dzdhekfzg6gp', '11a46516-9916-4652-a6c0-6c0cfd015aca', true, '2025-09-24 22:47:13.187391+00', '2025-09-24 23:45:31.26332+00', NULL, '9fa9332b-af55-4431-a945-3c001bbd18ef'),
	('00000000-0000-0000-0000-000000000000', 507, 'z5khmlbcwit3', 'cec88bc9-557f-452b-92f1-e093092fecd6', false, '2025-09-28 18:21:59.202607+00', '2025-09-28 18:21:59.202607+00', NULL, 'fe62f79e-815d-4a8a-a2fd-24f4618cf424'),
	('00000000-0000-0000-0000-000000000000', 508, 'ukz4r6wa57dc', 'cec88bc9-557f-452b-92f1-e093092fecd6', true, '2025-09-28 18:55:28.504708+00', '2025-09-28 20:04:58.516258+00', NULL, '2b6ff16b-eb35-49c4-bd51-110c7599a9f5'),
	('00000000-0000-0000-0000-000000000000', 509, 'pjgq2jxrchu6', 'cec88bc9-557f-452b-92f1-e093092fecd6', true, '2025-09-28 20:04:58.52139+00', '2025-09-29 09:32:38.354028+00', 'ukz4r6wa57dc', '2b6ff16b-eb35-49c4-bd51-110c7599a9f5'),
	('00000000-0000-0000-0000-000000000000', 510, 'clcmniaujica', 'cec88bc9-557f-452b-92f1-e093092fecd6', true, '2025-09-29 09:32:38.372709+00', '2025-09-29 12:58:56.347802+00', 'pjgq2jxrchu6', '2b6ff16b-eb35-49c4-bd51-110c7599a9f5'),
	('00000000-0000-0000-0000-000000000000', 512, 'm2bm5akphbsk', 'cec88bc9-557f-452b-92f1-e093092fecd6', true, '2025-10-01 08:17:09.025658+00', '2025-10-01 11:02:19.496005+00', NULL, 'd308188e-75d1-4dfb-9583-01f53109a20c'),
	('00000000-0000-0000-0000-000000000000', 511, 'gmi45p4asin6', 'cec88bc9-557f-452b-92f1-e093092fecd6', true, '2025-09-29 12:58:56.353708+00', '2025-10-01 17:40:57.877534+00', 'clcmniaujica', '2b6ff16b-eb35-49c4-bd51-110c7599a9f5'),
	('00000000-0000-0000-0000-000000000000', 514, '2bsj7rejyxng', 'cec88bc9-557f-452b-92f1-e093092fecd6', false, '2025-10-01 17:40:57.891842+00', '2025-10-01 17:40:57.891842+00', 'gmi45p4asin6', '2b6ff16b-eb35-49c4-bd51-110c7599a9f5'),
	('00000000-0000-0000-0000-000000000000', 515, 'bxqxvdkxlffq', 'cec88bc9-557f-452b-92f1-e093092fecd6', true, '2025-10-01 17:41:15.646158+00', '2025-10-01 18:45:20.408955+00', NULL, '4d83c66a-b062-4406-a3f1-26415046a262'),
	('00000000-0000-0000-0000-000000000000', 516, '5lfrdpyqxmav', 'cec88bc9-557f-452b-92f1-e093092fecd6', false, '2025-10-01 18:45:20.412785+00', '2025-10-01 18:45:20.412785+00', 'bxqxvdkxlffq', '4d83c66a-b062-4406-a3f1-26415046a262'),
	('00000000-0000-0000-0000-000000000000', 517, 'nd3ytoljsls2', 'cec88bc9-557f-452b-92f1-e093092fecd6', true, '2025-10-01 19:35:39.732316+00', '2025-10-01 20:37:16.110519+00', NULL, '52d1320b-c985-44ee-afdc-a5e0de6216cb'),
	('00000000-0000-0000-0000-000000000000', 518, 'mt2ouercdlce', 'cec88bc9-557f-452b-92f1-e093092fecd6', true, '2025-10-01 20:37:16.113756+00', '2025-10-03 10:14:11.305234+00', 'nd3ytoljsls2', '52d1320b-c985-44ee-afdc-a5e0de6216cb'),
	('00000000-0000-0000-0000-000000000000', 519, 'ytj76ttyvmkn', 'cec88bc9-557f-452b-92f1-e093092fecd6', false, '2025-10-03 10:14:11.327798+00', '2025-10-03 10:14:11.327798+00', 'mt2ouercdlce', '52d1320b-c985-44ee-afdc-a5e0de6216cb'),
	('00000000-0000-0000-0000-000000000000', 513, 'uvcxcbmnrkgk', 'cec88bc9-557f-452b-92f1-e093092fecd6', true, '2025-10-01 11:02:19.501112+00', '2025-10-04 02:17:27.389058+00', 'm2bm5akphbsk', 'd308188e-75d1-4dfb-9583-01f53109a20c'),
	('00000000-0000-0000-0000-000000000000', 520, 'dtum4ejfkgxg', 'cec88bc9-557f-452b-92f1-e093092fecd6', true, '2025-10-04 02:17:27.407197+00', '2025-10-04 08:59:06.568912+00', 'uvcxcbmnrkgk', 'd308188e-75d1-4dfb-9583-01f53109a20c'),
	('00000000-0000-0000-0000-000000000000', 521, 'nsrb7fgjge6j', 'cec88bc9-557f-452b-92f1-e093092fecd6', true, '2025-10-04 08:59:06.587081+00', '2025-10-04 10:07:57.106957+00', 'dtum4ejfkgxg', 'd308188e-75d1-4dfb-9583-01f53109a20c'),
	('00000000-0000-0000-0000-000000000000', 522, 'tk2p6ybfrwfc', 'cec88bc9-557f-452b-92f1-e093092fecd6', true, '2025-10-04 10:07:57.108367+00', '2025-10-07 08:40:13.230319+00', 'nsrb7fgjge6j', 'd308188e-75d1-4dfb-9583-01f53109a20c'),
	('00000000-0000-0000-0000-000000000000', 523, 'nzr4k7gfvees', 'cec88bc9-557f-452b-92f1-e093092fecd6', true, '2025-10-07 08:40:13.252472+00', '2025-10-11 18:11:12.521542+00', 'tk2p6ybfrwfc', 'd308188e-75d1-4dfb-9583-01f53109a20c'),
	('00000000-0000-0000-0000-000000000000', 524, 'l5frbqc7surn', 'cec88bc9-557f-452b-92f1-e093092fecd6', true, '2025-10-11 18:11:12.541908+00', '2025-10-12 00:06:39.585038+00', 'nzr4k7gfvees', 'd308188e-75d1-4dfb-9583-01f53109a20c'),
	('00000000-0000-0000-0000-000000000000', 525, 'qntrrtr2fsrf', 'cec88bc9-557f-452b-92f1-e093092fecd6', true, '2025-10-12 00:06:39.606725+00', '2025-10-12 01:26:45.010094+00', 'l5frbqc7surn', 'd308188e-75d1-4dfb-9583-01f53109a20c'),
	('00000000-0000-0000-0000-000000000000', 527, 'vsx66fauss6i', 'cec88bc9-557f-452b-92f1-e093092fecd6', false, '2025-10-13 05:37:01.02294+00', '2025-10-13 05:37:01.02294+00', NULL, '2965836d-46b6-4fbc-97bc-e371723ea64f'),
	('00000000-0000-0000-0000-000000000000', 506, 'khrs5h2zhhcd', '11a46516-9916-4652-a6c0-6c0cfd015aca', true, '2025-09-24 23:45:31.274565+00', '2025-10-13 05:47:05.911425+00', 'dzdhekfzg6gp', '9fa9332b-af55-4431-a945-3c001bbd18ef'),
	('00000000-0000-0000-0000-000000000000', 529, 'cy3vlpddasbt', 'cec88bc9-557f-452b-92f1-e093092fecd6', false, '2025-10-13 06:19:48.269677+00', '2025-10-13 06:19:48.269677+00', NULL, 'ea1e6d46-3d3b-489b-8742-04dcd7392b2c'),
	('00000000-0000-0000-0000-000000000000', 532, 'zl4gf4iiambf', 'cec88bc9-557f-452b-92f1-e093092fecd6', false, '2025-10-13 07:44:10.115764+00', '2025-10-13 07:44:10.115764+00', NULL, 'c7802c69-285a-4a33-b53b-3fa710cebd76'),
	('00000000-0000-0000-0000-000000000000', 531, 'vts2vzm52sk4', 'cec88bc9-557f-452b-92f1-e093092fecd6', true, '2025-10-13 06:33:32.449277+00', '2025-10-13 07:58:09.068338+00', NULL, 'bba1973b-f23d-43cf-94be-7b345d8975be'),
	('00000000-0000-0000-0000-000000000000', 533, '6hmzb35sodie', 'cec88bc9-557f-452b-92f1-e093092fecd6', false, '2025-10-13 07:58:09.073463+00', '2025-10-13 07:58:09.073463+00', 'vts2vzm52sk4', 'bba1973b-f23d-43cf-94be-7b345d8975be'),
	('00000000-0000-0000-0000-000000000000', 552, 'qhpys4nl7rpr', 'cec88bc9-557f-452b-92f1-e093092fecd6', true, '2025-10-15 16:38:45.819473+00', '2025-10-15 17:38:45.516104+00', '6ubq2xxc7j2d', '470c5274-cd55-46d6-bbc3-e79ec0ee4228'),
	('00000000-0000-0000-0000-000000000000', 553, 'aev3yuj7e7s3', 'cec88bc9-557f-452b-92f1-e093092fecd6', true, '2025-10-15 17:38:45.536207+00', '2025-10-15 18:38:45.625542+00', 'qhpys4nl7rpr', '470c5274-cd55-46d6-bbc3-e79ec0ee4228'),
	('00000000-0000-0000-0000-000000000000', 554, '5rvjjalwpmlu', 'cec88bc9-557f-452b-92f1-e093092fecd6', true, '2025-10-15 18:38:45.642676+00', '2025-10-15 19:38:45.540035+00', 'aev3yuj7e7s3', '470c5274-cd55-46d6-bbc3-e79ec0ee4228'),
	('00000000-0000-0000-0000-000000000000', 555, 'wumhao372wh6', 'cec88bc9-557f-452b-92f1-e093092fecd6', true, '2025-10-15 19:38:45.55487+00', '2025-10-15 20:38:45.594825+00', '5rvjjalwpmlu', '470c5274-cd55-46d6-bbc3-e79ec0ee4228'),
	('00000000-0000-0000-0000-000000000000', 556, 'fgqu5cxedp3t', 'cec88bc9-557f-452b-92f1-e093092fecd6', false, '2025-10-15 20:38:45.616931+00', '2025-10-15 20:38:45.616931+00', 'wumhao372wh6', '470c5274-cd55-46d6-bbc3-e79ec0ee4228'),
	('00000000-0000-0000-0000-000000000000', 557, 'k5xg5eduxg5j', 'cec88bc9-557f-452b-92f1-e093092fecd6', false, '2025-10-15 21:26:07.650209+00', '2025-10-15 21:26:07.650209+00', NULL, '48daa6e8-9fcc-4037-8a60-c17580375c49'),
	('00000000-0000-0000-0000-000000000000', 558, 'ipveca3trs3y', 'cec88bc9-557f-452b-92f1-e093092fecd6', false, '2025-10-15 22:14:08.434846+00', '2025-10-15 22:14:08.434846+00', NULL, '245d5f6f-e816-4750-8940-bd9c37b087b1'),
	('00000000-0000-0000-0000-000000000000', 559, '73lmoykiwt4g', 'cec88bc9-557f-452b-92f1-e093092fecd6', false, '2025-10-15 22:43:14.15629+00', '2025-10-15 22:43:14.15629+00', NULL, '4d78cd7d-1808-49b8-8fb8-64f22fa901aa'),
	('00000000-0000-0000-0000-000000000000', 561, 'l6c6zvn5ka7h', 'cec88bc9-557f-452b-92f1-e093092fecd6', true, '2025-10-16 21:13:05.37358+00', '2025-10-16 22:34:04.372703+00', '4t3gzy33crht', 'd308188e-75d1-4dfb-9583-01f53109a20c'),
	('00000000-0000-0000-0000-000000000000', 562, 'ptpl7j5ymeq2', 'cec88bc9-557f-452b-92f1-e093092fecd6', false, '2025-10-16 22:34:04.390727+00', '2025-10-16 22:34:04.390727+00', 'l6c6zvn5ka7h', 'd308188e-75d1-4dfb-9583-01f53109a20c'),
	('00000000-0000-0000-0000-000000000000', 560, 'ir5uqbgxy2tv', 'cec88bc9-557f-452b-92f1-e093092fecd6', true, '2025-10-15 22:59:41.946247+00', '2025-10-17 10:10:39.115694+00', NULL, '23c93a8e-97b1-4a43-a925-f5f9c070ae14'),
	('00000000-0000-0000-0000-000000000000', 563, 'hkffkcano4sq', 'cec88bc9-557f-452b-92f1-e093092fecd6', false, '2025-10-17 10:10:39.137185+00', '2025-10-17 10:10:39.137185+00', 'ir5uqbgxy2tv', '23c93a8e-97b1-4a43-a925-f5f9c070ae14'),
	('00000000-0000-0000-0000-000000000000', 564, 'urfa2ept4dqp', 'cec88bc9-557f-452b-92f1-e093092fecd6', true, '2025-10-17 10:12:22.671218+00', '2025-10-17 11:10:43.059374+00', NULL, '98816a33-f532-4658-9959-754906940ea7'),
	('00000000-0000-0000-0000-000000000000', 565, 'ua3qujrdunhm', 'cec88bc9-557f-452b-92f1-e093092fecd6', true, '2025-10-17 11:10:43.079655+00', '2025-10-17 12:09:13.023657+00', 'urfa2ept4dqp', '98816a33-f532-4658-9959-754906940ea7'),
	('00000000-0000-0000-0000-000000000000', 566, 'lzn24ikoqnzx', 'cec88bc9-557f-452b-92f1-e093092fecd6', true, '2025-10-17 12:09:13.044599+00', '2025-10-17 13:07:43.026088+00', 'ua3qujrdunhm', '98816a33-f532-4658-9959-754906940ea7'),
	('00000000-0000-0000-0000-000000000000', 567, 'bldibbvq6zbb', 'cec88bc9-557f-452b-92f1-e093092fecd6', true, '2025-10-17 13:07:43.04296+00', '2025-10-17 14:06:12.797954+00', 'lzn24ikoqnzx', '98816a33-f532-4658-9959-754906940ea7'),
	('00000000-0000-0000-0000-000000000000', 568, 'imtmml6pv4ud', 'cec88bc9-557f-452b-92f1-e093092fecd6', true, '2025-10-17 14:06:12.821453+00', '2025-10-17 15:04:37.782392+00', 'bldibbvq6zbb', '98816a33-f532-4658-9959-754906940ea7'),
	('00000000-0000-0000-0000-000000000000', 569, 'cg7ukkud2yxh', 'cec88bc9-557f-452b-92f1-e093092fecd6', true, '2025-10-17 15:04:37.801279+00', '2025-10-17 16:02:47.585257+00', 'imtmml6pv4ud', '98816a33-f532-4658-9959-754906940ea7'),
	('00000000-0000-0000-0000-000000000000', 570, 'zo7akqadd4ip', 'cec88bc9-557f-452b-92f1-e093092fecd6', false, '2025-10-17 16:02:47.601851+00', '2025-10-17 16:02:47.601851+00', 'cg7ukkud2yxh', '98816a33-f532-4658-9959-754906940ea7');


--
-- Data for Name: sso_providers; Type: TABLE DATA; Schema: auth; Owner: supabase_auth_admin
--



--
-- Data for Name: saml_providers; Type: TABLE DATA; Schema: auth; Owner: supabase_auth_admin
--



--
-- Data for Name: saml_relay_states; Type: TABLE DATA; Schema: auth; Owner: supabase_auth_admin
--



--
-- Data for Name: sso_domains; Type: TABLE DATA; Schema: auth; Owner: supabase_auth_admin
--



--
-- Data for Name: profiles; Type: TABLE DATA; Schema: public; Owner: postgres
--

INSERT INTO "public"."profiles" ("id", "username", "avatar_url", "website", "created_at", "updated_at", "display_name", "bio", "email", "phone", "location", "timezone", "language", "currency", "bitcoin_address", "lightning_address", "bitcoin_public_key", "lightning_node_id", "payment_preferences", "bitcoin_balance", "lightning_balance", "profile_views", "follower_count", "following_count", "campaign_count", "total_raised", "total_donated", "verification_status", "verification_level", "kyc_status", "two_factor_enabled", "last_login_at", "login_count", "banner_url", "theme_preferences", "custom_css", "profile_color", "cover_image_url", "profile_badges", "status", "last_active_at", "profile_completed_at", "onboarding_completed", "terms_accepted_at", "privacy_policy_accepted_at", "social_links", "preferences", "metadata", "verification_data", "privacy_settings") VALUES
	('d26e6c11-f832-49b0-b0b6-b05a7879ff23', 'test@example.com', NULL, NULL, '2025-10-13 08:07:27.795236+00', '2025-10-13 08:07:27.795236+00', 'test', NULL, 'test@example.com', NULL, NULL, NULL, NULL, NULL, NULL, NULL, NULL, NULL, NULL, 0.00000000, 0.00000000, 0, 0, 0, 0, 0.00000000, 0.00000000, 'unverified', 0, 'none', false, NULL, 0, NULL, NULL, NULL, NULL, NULL, NULL, 'active', NULL, NULL, false, NULL, NULL, NULL, NULL, NULL, NULL, NULL),
	('6a5d5d0b-9f13-47a9-942b-524b3faca5dd', 'curl-test@example.com', NULL, NULL, '2025-09-24 22:36:17.447638+00', '2025-10-13 16:53:03.244372+00', 'curl-test@example.com', NULL, NULL, NULL, NULL, NULL, NULL, NULL, NULL, NULL, NULL, NULL, NULL, 0.00000000, 0.00000000, 0, 0, 0, 0, 0.00000000, 0.00000000, 'unverified', 0, 'none', false, NULL, 0, NULL, NULL, NULL, NULL, NULL, NULL, 'active', NULL, NULL, false, NULL, NULL, NULL, NULL, NULL, NULL, NULL),
	('741fa1c6-e345-41c5-ad05-81cc53add59f', 'node-test@example.com', NULL, NULL, '2025-09-24 22:38:22.111887+00', '2025-10-13 16:53:03.244372+00', 'node-test@example.com', NULL, NULL, NULL, NULL, NULL, NULL, NULL, NULL, NULL, NULL, NULL, NULL, 0.00000000, 0.00000000, 0, 0, 0, 0, 0.00000000, 0.00000000, 'unverified', 0, 'none', false, NULL, 0, NULL, NULL, NULL, NULL, NULL, NULL, 'active', NULL, NULL, false, NULL, NULL, NULL, NULL, NULL, NULL, NULL),
	('6f593d47-c6a2-433b-bd66-a9b025b0cdb6', 'fetch-browser-test@example.com', NULL, NULL, '2025-09-24 22:39:56.563971+00', '2025-10-13 16:53:03.244372+00', 'fetch-browser-test@example.com', NULL, NULL, NULL, NULL, NULL, NULL, NULL, NULL, NULL, NULL, NULL, NULL, 0.00000000, 0.00000000, 0, 0, 0, 0, 0.00000000, 0.00000000, 'unverified', 0, 'none', false, NULL, 0, NULL, NULL, NULL, NULL, NULL, NULL, 'active', NULL, NULL, false, NULL, NULL, NULL, NULL, NULL, NULL, NULL),
	('11a46516-9916-4652-a6c0-6c0cfd015aca', 'playwright-test@example.com', NULL, NULL, '2025-09-24 22:47:13.17329+00', '2025-10-13 16:53:03.244372+00', 'playwright-test@example.com', NULL, NULL, NULL, NULL, NULL, NULL, NULL, NULL, NULL, NULL, NULL, NULL, 0.00000000, 0.00000000, 0, 0, 0, 0, 0.00000000, 0.00000000, 'unverified', 0, 'none', false, NULL, 0, NULL, NULL, NULL, NULL, NULL, NULL, 'active', NULL, NULL, false, NULL, NULL, NULL, NULL, NULL, NULL, NULL),
	('db020079-14f8-4362-91d2-48a7499f2ec6', 'mao@orangecat.ch', NULL, NULL, '2025-10-01 19:22:53.143998+00', '2025-10-13 16:53:03.244372+00', 'mao@orangecat.ch', NULL, NULL, NULL, NULL, NULL, NULL, NULL, NULL, NULL, NULL, NULL, NULL, 0.00000000, 0.00000000, 0, 0, 0, 0, 0.00000000, 0.00000000, 'unverified', 0, 'none', false, NULL, 0, NULL, NULL, NULL, NULL, NULL, NULL, 'active', NULL, NULL, false, NULL, NULL, NULL, NULL, NULL, NULL, NULL),
	('cec88bc9-557f-452b-92f1-e093092fecd6', 'butaeff@gmail.com', NULL, NULL, '2025-08-26 14:40:17.436277+00', '2025-10-13 21:15:22.746237+00', 'mao', NULL, NULL, NULL, NULL, NULL, NULL, NULL, NULL, NULL, NULL, NULL, NULL, 0.00000000, 0.00000000, 0, 0, 0, 0, 0.00000000, 0.00000000, 'unverified', 0, 'none', false, NULL, 0, NULL, NULL, NULL, NULL, NULL, NULL, 'active', NULL, NULL, false, NULL, NULL, NULL, NULL, NULL, NULL, NULL);


--
-- Data for Name: follows; Type: TABLE DATA; Schema: public; Owner: postgres
--



--
-- Data for Name: funding_pages; Type: TABLE DATA; Schema: public; Owner: postgres
--



--
-- Data for Name: organizations; Type: TABLE DATA; Schema: public; Owner: postgres
--



--
-- Data for Name: memberships; Type: TABLE DATA; Schema: public; Owner: postgres
--



--
-- Data for Name: notifications; Type: TABLE DATA; Schema: public; Owner: postgres
--



--
-- Data for Name: organization_application_questions; Type: TABLE DATA; Schema: public; Owner: postgres
--



--
-- Data for Name: profile_associations; Type: TABLE DATA; Schema: public; Owner: postgres
--



--
-- Data for Name: transactions; Type: TABLE DATA; Schema: public; Owner: postgres
--



--
-- Data for Name: transparency_scores; Type: TABLE DATA; Schema: public; Owner: postgres
--



--
-- Data for Name: buckets; Type: TABLE DATA; Schema: storage; Owner: supabase_storage_admin
--

INSERT INTO "storage"."buckets" ("id", "name", "owner", "created_at", "updated_at", "public", "avif_autodetection", "file_size_limit", "allowed_mime_types", "owner_id", "type") VALUES
	('avatars', 'avatars', NULL, '2025-05-22 17:30:04.44723+00', '2025-05-22 17:30:04.44723+00', true, false, NULL, NULL, NULL, 'STANDARD'),
	('banners', 'banners', NULL, '2025-07-03 20:35:03.588625+00', '2025-07-03 20:35:03.588625+00', true, false, NULL, NULL, NULL, 'STANDARD');


--
-- Data for Name: buckets_analytics; Type: TABLE DATA; Schema: storage; Owner: supabase_storage_admin
--



--
-- Data for Name: objects; Type: TABLE DATA; Schema: storage; Owner: supabase_storage_admin
--

INSERT INTO "storage"."objects" ("id", "bucket_id", "name", "owner", "created_at", "updated_at", "last_accessed_at", "metadata", "version", "owner_id", "user_metadata", "level") VALUES
	('8f03056f-42d3-477f-90f3-1e39a76617a8', 'avatars', '6a3398ea-e4ca-49e1-807b-41b3a73b49aa/1747935004010.jfif', NULL, '2025-05-22 17:30:04.979356+00', '2025-09-14 22:53:00.106827+00', '2025-05-22 17:30:04.979356+00', '{"eTag": "\"b9f4692aab6083de9fb0a340e3d65cde\"", "size": 169831, "mimetype": "image/jpeg", "cacheControl": "max-age=3600", "lastModified": "2025-05-22T17:30:05.000Z", "contentLength": 169831, "httpStatusCode": 200}', '2225a4bb-97a1-4414-a1d8-75769c89bdbb', NULL, '{}', 2),
	('dd52c84e-a968-4071-b8a8-1339f8071b04', 'avatars', '6a3398ea-e4ca-49e1-807b-41b3a73b49aa/1747935652423.jfif', NULL, '2025-05-22 17:40:53.401271+00', '2025-09-14 22:53:00.106827+00', '2025-05-22 17:40:53.401271+00', '{"eTag": "\"b9f4692aab6083de9fb0a340e3d65cde\"", "size": 169831, "mimetype": "image/jpeg", "cacheControl": "max-age=3600", "lastModified": "2025-05-22T17:40:54.000Z", "contentLength": 169831, "httpStatusCode": 200}', '44f80470-5247-4288-93b8-628cb7aed297', NULL, '{}', 2),
	('49eee333-b17b-43bc-a089-c8b5b744dee3', 'avatars', '6a3398ea-e4ca-49e1-807b-41b3a73b49aa/1747935693946.jfif', NULL, '2025-05-22 17:41:34.870305+00', '2025-09-14 22:53:00.106827+00', '2025-05-22 17:41:34.870305+00', '{"eTag": "\"b9f4692aab6083de9fb0a340e3d65cde\"", "size": 169831, "mimetype": "image/jpeg", "cacheControl": "max-age=3600", "lastModified": "2025-05-22T17:41:35.000Z", "contentLength": 169831, "httpStatusCode": 200}', '7b7b9d8e-7d67-46c1-a191-1cd643fc0be1', NULL, '{}', 2),
	('59200c7f-81d1-4d94-8997-e46f7dc6513a', 'avatars', '6a3398ea-e4ca-49e1-807b-41b3a73b49aa/1747942584501.jfif', NULL, '2025-05-22 19:36:25.406455+00', '2025-09-14 22:53:00.106827+00', '2025-05-22 19:36:25.406455+00', '{"eTag": "\"b9f4692aab6083de9fb0a340e3d65cde\"", "size": 169831, "mimetype": "image/jpeg", "cacheControl": "max-age=3600", "lastModified": "2025-05-22T19:36:26.000Z", "contentLength": 169831, "httpStatusCode": 200}', 'd238f40c-e55d-4537-b76f-169226524412', NULL, '{}', 2),
	('3d5968f9-aee8-4d5f-8ee7-d13e50d8dc5d', 'avatars', '6a3398ea-e4ca-49e1-807b-41b3a73b49aa/1748017098346.webp', NULL, '2025-05-23 16:18:19.223603+00', '2025-09-14 22:53:00.106827+00', '2025-05-23 16:18:19.223603+00', '{"eTag": "\"3bae182e86a6a43c6a130184ba68fc5b\"", "size": 52764, "mimetype": "image/webp", "cacheControl": "max-age=31536000", "lastModified": "2025-05-23T16:18:20.000Z", "contentLength": 52764, "httpStatusCode": 200}', '3ded7778-551c-4ca0-8604-f6231f494f37', NULL, '{}', 2),
	('d30dcef1-61d6-41d4-8201-64ce216d3f7b', 'avatars', '6a3398ea-e4ca-49e1-807b-41b3a73b49aa/1748018246702.webp', NULL, '2025-05-23 16:37:27.281188+00', '2025-09-14 22:53:00.106827+00', '2025-05-23 16:37:27.281188+00', '{"eTag": "\"3bae182e86a6a43c6a130184ba68fc5b\"", "size": 52764, "mimetype": "image/webp", "cacheControl": "max-age=31536000", "lastModified": "2025-05-23T16:37:28.000Z", "contentLength": 52764, "httpStatusCode": 200}', 'dcfe24b4-6079-4df9-a411-3568c0ee01e3', NULL, '{}', 2),
	('ab109d42-d6e6-4cdf-a11b-f9a75f6fa889', 'avatars', 'c7f91de5-214b-4210-a0c7-ab4ad1ac70c9/1748193499099.webp', NULL, '2025-05-25 17:18:20.33121+00', '2025-09-14 22:53:00.106827+00', '2025-05-25 17:18:20.33121+00', '{"eTag": "\"3bae182e86a6a43c6a130184ba68fc5b\"", "size": 52764, "mimetype": "image/webp", "cacheControl": "max-age=31536000", "lastModified": "2025-05-25T17:18:21.000Z", "contentLength": 52764, "httpStatusCode": 200}', 'bdb8998e-557c-4f82-8635-180dd9479d50', NULL, '{}', 2);


--
-- Data for Name: prefixes; Type: TABLE DATA; Schema: storage; Owner: supabase_storage_admin
--

INSERT INTO "storage"."prefixes" ("bucket_id", "name", "created_at", "updated_at") VALUES
	('avatars', '6a3398ea-e4ca-49e1-807b-41b3a73b49aa', '2025-09-14 22:53:00.100634+00', '2025-09-14 22:53:00.100634+00'),
	('avatars', 'c7f91de5-214b-4210-a0c7-ab4ad1ac70c9', '2025-09-14 22:53:00.100634+00', '2025-09-14 22:53:00.100634+00');


--
-- Data for Name: s3_multipart_uploads; Type: TABLE DATA; Schema: storage; Owner: supabase_storage_admin
--



--
-- Data for Name: s3_multipart_uploads_parts; Type: TABLE DATA; Schema: storage; Owner: supabase_storage_admin
--



--
-- Name: refresh_tokens_id_seq; Type: SEQUENCE SET; Schema: auth; Owner: supabase_auth_admin
--

SELECT pg_catalog.setval('"auth"."refresh_tokens_id_seq"', 570, true);


--
-- PostgreSQL database dump complete
--

RESET ALL;
